row_id,ID,Site of experiment,Municipality,State,Elevation (m asl),Climate,Year,Storage technology,Tmin (°C),Tmax (°C),Hrmin  (%),Hrmax  (%),Variety,Storage time (days),Storage time (months),GMCI  (%),GTI  (°C),Grain Impurities (%),InsI  (%),FunI  (%),TdamI  (%),GMCF  (%),GTF  (°C),InsF  (%),FunF  (%),Weight_Loss  (%),TdamF  (%),LMWI,LLGBI,AGMI,LMWF,LLGBF,AGMF,source_id,citation,doi_or_url,country,site,latitude,longitude,elevation_m,climate_zone,climate_basis,loss_method,replicate_id,extraction_method,condition_id,site_id
1,3,"San Juan Cotzocón, OAX",San Juan Cotzocón ,Oaxaca,113,Tropical humid,2017,PP_AP,21.62505376344086,31.61435483870968,56.09086021505377,95.26344086021504,Hybrid,30,1,11.7,34.1,0.0799866799866799,0.1198801198801199,2.299000999000999,4.084948384948399,11.7,34.1,8.328358208955224,0.5273631840796019,1.106806202287632,14.32835820895523,1,0,0,29,0,0,SRC-CIMMYT-CTRL-HUMID,"Verhulst, N., Burgueño, J., Odjo, S., Rivers, A. (2020). Data for: Hermetic storage technologies reduce maize pest damage in smallholder farming systems in Mexico. Mendeley Data, V1.",https://doi.org/10.17632/fmtgzw5mmp.1,Mexico,"San Juan Cotzocón, Oaxaca",,,113,Am,Beck et al. 2018 Köppen-Geiger 1 km; site classified Am; CIMMYT label Tropical humid; coordinates not recorded in source subset,as reported in CIMMYT Controlled Weight_Loss (%) column (dataset Legend),r1,user training subset CIMMYT_TropicalHumid_subset.xlsx (from DataControlled),1,1
2,3,"San Juan Cotzocón, OAX",San Juan Cotzocón ,Oaxaca,113,Tropical humid,2017,PP_AP,21.62505376344086,31.61435483870968,56.09086021505377,95.26344086021504,Hybrid,30,1,11.7,34.1,0.0799866799866799,0.1198801198801199,2.299000999000999,4.084948384948399,11.6,34.6,6.281156530408774,0.897308075772682,1.299626890681204,14.35692921236291,1,0,0,40,0,0,SRC-CIMMYT-CTRL-HUMID,"Verhulst, N., Burgueño, J., Odjo, S., Rivers, A. (2020). Data for: Hermetic storage technologies reduce maize pest damage in smallholder farming systems in Mexico. Mendeley Data, V1.",https://doi.org/10.17632/fmtgzw5mmp.1,Mexico,"San Juan Cotzocón, Oaxaca",,,113,Am,Beck et al. 2018 Köppen-Geiger 1 km; site classified Am; CIMMYT label Tropical humid; coordinates not recorded in source subset,as reported in CIMMYT Controlled Weight_Loss (%) column (dataset Legend),r2,user training subset CIMMYT_TropicalHumid_subset.xlsx (from DataControlled),1,1
3,3,"San Juan Cotzocón, OAX",San Juan Cotzocón ,Oaxaca,113,Tropical humid,2017,PP_AP,21.62505376344086,31.61435483870968,56.09086021505377,95.26344086021504,Hybrid,30,1,11.7,34.1,0.0799866799866799,0.1198801198801199,2.299000999000999,4.084948384948399,11.5,33.8,0.469061876247505,0.1596806387225549,0.0970530546107826,1.626746506986038,1,0,0,5,0,0,SRC-CIMMYT-CTRL-HUMID,"Verhulst, N., Burgueño, J., Odjo, S., Rivers, A. (2020). Data for: Hermetic storage technologies reduce maize pest damage in smallholder farming systems in Mexico. Mendeley Data, V1.",https://doi.org/10.17632/fmtgzw5mmp.1,Mexico,"San Juan Cotzocón, Oaxaca",,,113,Am,Beck et al. 2018 Köppen-Geiger 1 km; site classified Am; CIMMYT label Tropical humid; coordinates not recorded in source subset,as reported in CIMMYT Controlled Weight_Loss (%) column (dataset Legend),r3,user training subset CIMMYT_TropicalHumid_subset.xlsx (from DataControlled),1,1
4,3,"San Juan Cotzocón, OAX",San Juan Cotzocón ,Oaxaca,113,Tropical humid,2017,PP_ML,21.62505376344086,31.61435483870968,56.09086021505377,95.26344086021504,Hybrid,30,1,11.7,34.1,0.0799866799866799,0.1198801198801199,2.299000999000999,4.084948384948399,12.1,34.7,2.246865959498554,0.5785920925747349,0.7735754215851137,9.86499517839922,1,0,0,0,0,0,SRC-CIMMYT-CTRL-HUMID,"Verhulst, N., Burgueño, J., Odjo, S., Rivers, A. (2020). Data for: Hermetic storage technologies reduce maize pest damage in smallholder farming systems in Mexico. Mendeley Data, V1.",https://doi.org/10.17632/fmtgzw5mmp.1,Mexico,"San Juan Cotzocón, Oaxaca",,,113,Am,Beck et al. 2018 Köppen-Geiger 1 km; site classified Am; CIMMYT label Tropical humid; coordinates not recorded in source subset,as reported in CIMMYT Controlled Weight_Loss (%) column (dataset Legend),r1,user training subset CIMMYT_TropicalHumid_subset.xlsx (from DataControlled),2,1
5,3,"San Juan Cotzocón, OAX",San Juan Cotzocón ,Oaxaca,113,Tropical humid,2017,PP_ML,21.62505376344086,31.61435483870968,56.09086021505377,95.26344086021504,Hybrid,30,1,11.7,34.1,0.0799866799866799,0.1198801198801199,2.299000999000999,4.084948384948399,13.1,35.9,0.6511627906976745,0.3069767441860465,0.2241893995523042,6.63255813953488,1,0,0,0,0,0,SRC-CIMMYT-CTRL-HUMID,"Verhulst, N., Burgueño, J., Odjo, S., Rivers, A. (2020). Data for: Hermetic storage technologies reduce maize pest damage in smallholder farming systems in Mexico. Mendeley Data, V1.",https://doi.org/10.17632/fmtgzw5mmp.1,Mexico,"San Juan Cotzocón, Oaxaca",,,113,Am,Beck et al. 2018 Köppen-Geiger 1 km; site classified Am; CIMMYT label Tropical humid; coordinates not recorded in source subset,as reported in CIMMYT Controlled Weight_Loss (%) column (dataset Legend),r2,user training subset CIMMYT_TropicalHumid_subset.xlsx (from DataControlled),2,1
6,3,"San Juan Cotzocón, OAX",San Juan Cotzocón ,Oaxaca,113,Tropical humid,2017,PP_ML,21.62505376344086,31.61435483870968,56.09086021505377,95.26344086021504,Hybrid,30,1,11.7,34.1,0.0799866799866799,0.1198801198801199,2.299000999000999,4.084948384948399,13.9,35.5,0.0,0.0925925925925926,0.0,0.8333333333333286,1,0,0,4,0,0,SRC-CIMMYT-CTRL-HUMID,"Verhulst, N., Burgueño, J., Odjo, S., Rivers, A. (2020). Data for: Hermetic storage technologies reduce maize pest damage in smallholder farming systems in Mexico. Mendeley Data, V1.",https://doi.org/10.17632/fmtgzw5mmp.1,Mexico,"San Juan Cotzocón, Oaxaca",,,113,Am,Beck et al. 2018 Köppen-Geiger 1 km; site classified Am; CIMMYT label Tropical humid; coordinates not recorded in source subset,as reported in CIMMYT Controlled Weight_Loss (%) column (dataset Legend),r3,user training subset CIMMYT_TropicalHumid_subset.xlsx (from DataControlled),2,1
7,3,"San Juan Cotzocón, OAX",San Juan Cotzocón ,Oaxaca,113,Tropical humid,2017,HBT,21.62505376344086,31.61435483870968,56.09086021505377,95.26344086021504,Hybrid,30,1,11.7,34.1,0.0799866799866799,0.1198801198801199,2.299000999000999,4.084948384948399,11.6,33.5,0.0,0.28116213683224,0.0,7.310215557638248,1,0,0,0,0,0,SRC-CIMMYT-CTRL-HUMID,"Verhulst, N., Burgueño, J., Odjo, S., Rivers, A. (2020). Data for: Hermetic storage technologies reduce maize pest damage in smallholder farming systems in Mexico. Mendeley Data, V1.",https://doi.org/10.17632/fmtgzw5mmp.1,Mexico,"San Juan Cotzocón, Oaxaca",,,113,Am,Beck et al. 2018 Köppen-Geiger 1 km; site classified Am; CIMMYT label Tropical humid; coordinates not recorded in source subset,as reported in CIMMYT Controlled Weight_Loss (%) column (dataset Legend),r1,user training subset CIMMYT_TropicalHumid_subset.xlsx (from DataControlled),3,1
8,3,"San Juan Cotzocón, OAX",San Juan Cotzocón ,Oaxaca,113,Tropical humid,2017,HBT,21.62505376344086,31.61435483870968,56.09086021505377,95.26344086021504,Hybrid,30,1,11.7,34.1,0.0799866799866799,0.1198801198801199,2.299000999000999,4.084948384948399,12.0,34.1,0.0,0.87406015037594,0.0,9.802631578947366,1,0,0,0,0,0,SRC-CIMMYT-CTRL-HUMID,"Verhulst, N., Burgueño, J., Odjo, S., Rivers, A. (2020). Data for: Hermetic storage technologies reduce maize pest damage in smallholder farming systems in Mexico. Mendeley Data, V1.",https://doi.org/10.17632/fmtgzw5mmp.1,Mexico,"San Juan Cotzocón, Oaxaca",,,113,Am,Beck et al. 2018 Köppen-Geiger 1 km; site classified Am; CIMMYT label Tropical humid; coordinates not recorded in source subset,as reported in CIMMYT Controlled Weight_Loss (%) column (dataset Legend),r2,user training subset CIMMYT_TropicalHumid_subset.xlsx (from DataControlled),3,1
9,3,"San Juan Cotzocón, OAX",San Juan Cotzocón ,Oaxaca,113,Tropical humid,2017,HBT,21.62505376344086,31.61435483870968,56.09086021505377,95.26344086021504,Hybrid,30,1,11.7,34.1,0.0799866799866799,0.1198801198801199,2.299000999000999,4.084948384948399,11.5,34.1,0.0,0.504050405040504,0.0,5.454545454545445,1,0,0,1,0,0,SRC-CIMMYT-CTRL-HUMID,"Verhulst, N., Burgueño, J., Odjo, S., Rivers, A. (2020). Data for: Hermetic storage technologies reduce maize pest damage in smallholder farming systems in Mexico. Mendeley Data, V1.",https://doi.org/10.17632/fmtgzw5mmp.1,Mexico,"San Juan Cotzocón, Oaxaca",,,113,Am,Beck et al. 2018 Köppen-Geiger 1 km; site classified Am; CIMMYT label Tropical humid; coordinates not recorded in source subset,as reported in CIMMYT Controlled Weight_Loss (%) column (dataset Legend),r3,user training subset CIMMYT_TropicalHumid_subset.xlsx (from DataControlled),3,1
10,3,"San Juan Cotzocón, OAX",San Juan Cotzocón ,Oaxaca,113,Tropical humid,2017,HMS,21.62505376344086,31.61435483870968,56.09086021505377,95.26344086021504,Hybrid,30,1,11.7,34.1,0.0799866799866799,0.1198801198801199,2.299000999000999,4.084948384948399,11.9,34.3,0.0,1.196410767696909,0.0,4.586241276171492,1,0,0,0,0,0,SRC-CIMMYT-CTRL-HUMID,"Verhulst, N., Burgueño, J., Odjo, S., Rivers, A. (2020). Data for: Hermetic storage technologies reduce maize pest damage in smallholder farming systems in Mexico. Mendeley Data, V1.",https://doi.org/10.17632/fmtgzw5mmp.1,Mexico,"San Juan Cotzocón, Oaxaca",,,113,Am,Beck et al. 2018 Köppen-Geiger 1 km; site classified Am; CIMMYT label Tropical humid; coordinates not recorded in source subset,as reported in CIMMYT Controlled Weight_Loss (%) column (dataset Legend),r1,user training subset CIMMYT_TropicalHumid_subset.xlsx (from DataControlled),4,1
11,3,"San Juan Cotzocón, OAX",San Juan Cotzocón ,Oaxaca,113,Tropical humid,2017,HMS,21.62505376344086,31.61435483870968,56.09086021505377,95.26344086021504,Hybrid,30,1,11.7,34.1,0.0799866799866799,0.1198801198801199,2.299000999000999,4.084948384948399,12.8,34.9,0.0,1.55688622754491,0.0,15.02994011976048,1,0,0,0,0,0,SRC-CIMMYT-CTRL-HUMID,"Verhulst, N., Burgueño, J., Odjo, S., Rivers, A. (2020). Data for: Hermetic storage technologies reduce maize pest damage in smallholder farming systems in Mexico. Mendeley Data, V1.",https://doi.org/10.17632/fmtgzw5mmp.1,Mexico,"San Juan Cotzocón, Oaxaca",,,113,Am,Beck et al. 2018 Köppen-Geiger 1 km; site classified Am; CIMMYT label Tropical humid; coordinates not recorded in source subset,as reported in CIMMYT Controlled Weight_Loss (%) column (dataset Legend),r2,user training subset CIMMYT_TropicalHumid_subset.xlsx (from DataControlled),4,1
12,3,"San Juan Cotzocón, OAX",San Juan Cotzocón ,Oaxaca,113,Tropical humid,2017,HMS,21.62505376344086,31.61435483870968,56.09086021505377,95.26344086021504,Hybrid,30,1,11.7,34.1,0.0799866799866799,0.1198801198801199,2.299000999000999,4.084948384948399,12.6,33.9,0.0,0.5550049554013875,0.0,13.73637264618434,1,0,0,1,0,0,SRC-CIMMYT-CTRL-HUMID,"Verhulst, N., Burgueño, J., Odjo, S., Rivers, A. (2020). Data for: Hermetic storage technologies reduce maize pest damage in smallholder farming systems in Mexico. Mendeley Data, V1.",https://doi.org/10.17632/fmtgzw5mmp.1,Mexico,"San Juan Cotzocón, Oaxaca",,,113,Am,Beck et al. 2018 Köppen-Geiger 1 km; site classified Am; CIMMYT label Tropical humid; coordinates not recorded in source subset,as reported in CIMMYT Controlled Weight_Loss (%) column (dataset Legend),r3,user training subset CIMMYT_TropicalHumid_subset.xlsx (from DataControlled),4,1
13,3,"San Juan Cotzocón, OAX",San Juan Cotzocón ,Oaxaca,113,Tropical humid,2017,PP_AP,21.33961290322581,30.78236559139785,59.41935483870967,95.41655913978494,Hybrid,121,4,11.7,34.1,0.0799866799866799,0.1198801198801199,2.299000999000999,4.084948384948399,14.92,29.13,27.48502994011976,22.65469061876247,3.974123971493629,29.13173652694611,1,0,0,78,0,0,SRC-CIMMYT-CTRL-HUMID,"Verhulst, N., Burgueño, J., Odjo, S., Rivers, A. (2020). Data for: Hermetic storage technologies reduce maize pest damage in smallholder farming systems in Mexico. Mendeley Data, V1.",https://doi.org/10.17632/fmtgzw5mmp.1,Mexico,"San Juan Cotzocón, Oaxaca",,,113,Am,Beck et al. 2018 Köppen-Geiger 1 km; site classified Am; CIMMYT label Tropical humid; coordinates not recorded in source subset,as reported in CIMMYT Controlled Weight_Loss (%) column (dataset Legend),r1,user training subset CIMMYT_TropicalHumid_subset.xlsx (from DataControlled),5,1
14,3,"San Juan Cotzocón, OAX",San Juan Cotzocón ,Oaxaca,113,Tropical humid,2017,PP_AP,21.33961290322581,30.78236559139785,59.41935483870967,95.41655913978494,Hybrid,121,4,11.7,34.1,0.0799866799866799,0.1198801198801199,2.299000999000999,4.084948384948399,14.73,29.54,64.8502994011976,5.968063872255488,9.376854599406537,68.94211576846307,1,0,0,142,16,0,SRC-CIMMYT-CTRL-HUMID,"Verhulst, N., Burgueño, J., Odjo, S., Rivers, A. (2020). Data for: Hermetic storage technologies reduce maize pest damage in smallholder farming systems in Mexico. Mendeley Data, V1.",https://doi.org/10.17632/fmtgzw5mmp.1,Mexico,"San Juan Cotzocón, Oaxaca",,,113,Am,Beck et al. 2018 Köppen-Geiger 1 km; site classified Am; CIMMYT label Tropical humid; coordinates not recorded in source subset,as reported in CIMMYT Controlled Weight_Loss (%) column (dataset Legend),r2,user training subset CIMMYT_TropicalHumid_subset.xlsx (from DataControlled),5,1
15,3,"San Juan Cotzocón, OAX",San Juan Cotzocón ,Oaxaca,113,Tropical humid,2017,PP_AP,21.33961290322581,30.78236559139785,59.41935483870967,95.41655913978494,Hybrid,121,4,11.7,34.1,0.0799866799866799,0.1198801198801199,2.299000999000999,4.084948384948399,14.75,29.5,53.38,3.8,8.736280775342008,61.59999999999999,1,0,0,78,0,0,SRC-CIMMYT-CTRL-HUMID,"Verhulst, N., Burgueño, J., Odjo, S., Rivers, A. (2020). Data for: Hermetic storage technologies reduce maize pest damage in smallholder farming systems in Mexico. Mendeley Data, V1.",https://doi.org/10.17632/fmtgzw5mmp.1,Mexico,"San Juan Cotzocón, Oaxaca",,,113,Am,Beck et al. 2018 Köppen-Geiger 1 km; site classified Am; CIMMYT label Tropical humid; coordinates not recorded in source subset,as reported in CIMMYT Controlled Weight_Loss (%) column (dataset Legend),r3,user training subset CIMMYT_TropicalHumid_subset.xlsx (from DataControlled),5,1
16,3,"San Juan Cotzocón, OAX",San Juan Cotzocón ,Oaxaca,113,Tropical humid,2017,PP_ML,21.33961290322581,30.78236559139785,59.41935483870967,95.41655913978494,Hybrid,121,4,11.7,34.1,0.0799866799866799,0.1198801198801199,2.299000999000999,4.084948384948399,14.67,28.32,42.94,7.85,16.46629690944522,45.81000000000001,1,0,0,45,36,0,SRC-CIMMYT-CTRL-HUMID,"Verhulst, N., Burgueño, J., Odjo, S., Rivers, A. (2020). Data for: Hermetic storage technologies reduce maize pest damage in smallholder farming systems in Mexico. Mendeley Data, V1.",https://doi.org/10.17632/fmtgzw5mmp.1,Mexico,"San Juan Cotzocón, Oaxaca",,,113,Am,Beck et al. 2018 Köppen-Geiger 1 km; site classified Am; CIMMYT label Tropical humid; coordinates not recorded in source subset,as reported in CIMMYT Controlled Weight_Loss (%) column (dataset Legend),r1,user training subset CIMMYT_TropicalHumid_subset.xlsx (from DataControlled),6,1
17,3,"San Juan Cotzocón, OAX",San Juan Cotzocón ,Oaxaca,113,Tropical humid,2017,PP_ML,21.33961290322581,30.78236559139785,59.41935483870967,95.41655913978494,Hybrid,121,4,11.7,34.1,0.0799866799866799,0.1198801198801199,2.299000999000999,4.084948384948399,13.16,28.09,5.98,4.68,0.6103807900074003,16.37999999999999,1,0,0,42,5,0,SRC-CIMMYT-CTRL-HUMID,"Verhulst, N., Burgueño, J., Odjo, S., Rivers, A. (2020). Data for: Hermetic storage technologies reduce maize pest damage in smallholder farming systems in Mexico. Mendeley Data, V1.",https://doi.org/10.17632/fmtgzw5mmp.1,Mexico,"San Juan Cotzocón, Oaxaca",,,113,Am,Beck et al. 2018 Köppen-Geiger 1 km; site classified Am; CIMMYT label Tropical humid; coordinates not recorded in source subset,as reported in CIMMYT Controlled Weight_Loss (%) column (dataset Legend),r2,user training subset CIMMYT_TropicalHumid_subset.xlsx (from DataControlled),6,1
18,3,"San Juan Cotzocón, OAX",San Juan Cotzocón ,Oaxaca,113,Tropical humid,2017,PP_ML,21.33961290322581,30.78236559139785,59.41935483870967,95.41655913978494,Hybrid,121,4,11.7,34.1,0.0799866799866799,0.1198801198801199,2.299000999000999,4.084948384948399,13.98,28.4,14.51,3.63,2.76237297215705,23.01000000000001,1,0,0,36,2,0,SRC-CIMMYT-CTRL-HUMID,"Verhulst, N., Burgueño, J., Odjo, S., Rivers, A. (2020). Data for: Hermetic storage technologies reduce maize pest damage in smallholder farming systems in Mexico. Mendeley Data, V1.",https://doi.org/10.17632/fmtgzw5mmp.1,Mexico,"San Juan Cotzocón, Oaxaca",,,113,Am,Beck et al. 2018 Köppen-Geiger 1 km; site classified Am; CIMMYT label Tropical humid; coordinates not recorded in source subset,as reported in CIMMYT Controlled Weight_Loss (%) column (dataset Legend),r3,user training subset CIMMYT_TropicalHumid_subset.xlsx (from DataControlled),6,1
19,3,"San Juan Cotzocón, OAX",San Juan Cotzocón ,Oaxaca,113,Tropical humid,2017,HBT,21.33961290322581,30.78236559139785,59.41935483870967,95.41655913978494,Hybrid,121,4,11.7,34.1,0.0799866799866799,0.1198801198801199,2.299000999000999,4.084948384948399,14.72,26.21,3.226773226773227,2.737262737262737,0.480947040900115,12.16783216783217,1,0,0,0,0,0,SRC-CIMMYT-CTRL-HUMID,"Verhulst, N., Burgueño, J., Odjo, S., Rivers, A. (2020). Data for: Hermetic storage technologies reduce maize pest damage in smallholder farming systems in Mexico. Mendeley Data, V1.",https://doi.org/10.17632/fmtgzw5mmp.1,Mexico,"San Juan Cotzocón, Oaxaca",,,113,Am,Beck et al. 2018 Köppen-Geiger 1 km; site classified Am; CIMMYT label Tropical humid; coordinates not recorded in source subset,as reported in CIMMYT Controlled Weight_Loss (%) column (dataset Legend),r1,user training subset CIMMYT_TropicalHumid_subset.xlsx (from DataControlled),7,1
20,3,"San Juan Cotzocón, OAX",San Juan Cotzocón ,Oaxaca,113,Tropical humid,2017,HBT,21.33961290322581,30.78236559139785,59.41935483870967,95.41655913978494,Hybrid,121,4,11.7,34.1,0.0799866799866799,0.1198801198801199,2.299000999000999,4.084948384948399,14.58,27.1,0.8091908091908092,2.047952047952048,0.0710292788222054,9.480519480519488,1,0,0,0,0,0,SRC-CIMMYT-CTRL-HUMID,"Verhulst, N., Burgueño, J., Odjo, S., Rivers, A. (2020). Data for: Hermetic storage technologies reduce maize pest damage in smallholder farming systems in Mexico. Mendeley Data, V1.",https://doi.org/10.17632/fmtgzw5mmp.1,Mexico,"San Juan Cotzocón, Oaxaca",,,113,Am,Beck et al. 2018 Köppen-Geiger 1 km; site classified Am; CIMMYT label Tropical humid; coordinates not recorded in source subset,as reported in CIMMYT Controlled Weight_Loss (%) column (dataset Legend),r2,user training subset CIMMYT_TropicalHumid_subset.xlsx (from DataControlled),7,1
21,3,"San Juan Cotzocón, OAX",San Juan Cotzocón ,Oaxaca,113,Tropical humid,2017,HBT,21.33961290322581,30.78236559139785,59.41935483870967,95.41655913978494,Hybrid,121,4,11.7,34.1,0.0799866799866799,0.1198801198801199,2.299000999000999,4.084948384948399,14.49,27.48,0.7292707292707292,2.677322677322678,0.1582083155260281,9.22077922077922,1,0,0,0,0,0,SRC-CIMMYT-CTRL-HUMID,"Verhulst, N., Burgueño, J., Odjo, S., Rivers, A. (2020). Data for: Hermetic storage technologies reduce maize pest damage in smallholder farming systems in Mexico. Mendeley Data, V1.",https://doi.org/10.17632/fmtgzw5mmp.1,Mexico,"San Juan Cotzocón, Oaxaca",,,113,Am,Beck et al. 2018 Köppen-Geiger 1 km; site classified Am; CIMMYT label Tropical humid; coordinates not recorded in source subset,as reported in CIMMYT Controlled Weight_Loss (%) column (dataset Legend),r3,user training subset CIMMYT_TropicalHumid_subset.xlsx (from DataControlled),7,1
22,3,"San Juan Cotzocón, OAX",San Juan Cotzocón ,Oaxaca,113,Tropical humid,2017,HMS,21.33961290322581,30.78236559139785,59.41935483870967,95.41655913978494,Hybrid,121,4,11.7,34.1,0.0799866799866799,0.1198801198801199,2.299000999000999,4.084948384948399,14.3,27.27,6.850000000000001,5.91,5.00580842474679,16.55,1,0,0,0,0,0,SRC-CIMMYT-CTRL-HUMID,"Verhulst, N., Burgueño, J., Odjo, S., Rivers, A. (2020). Data for: Hermetic storage technologies reduce maize pest damage in smallholder farming systems in Mexico. Mendeley Data, V1.",https://doi.org/10.17632/fmtgzw5mmp.1,Mexico,"San Juan Cotzocón, Oaxaca",,,113,Am,Beck et al. 2018 Köppen-Geiger 1 km; site classified Am; CIMMYT label Tropical humid; coordinates not recorded in source subset,as reported in CIMMYT Controlled Weight_Loss (%) column (dataset Legend),r1,user training subset CIMMYT_TropicalHumid_subset.xlsx (from DataControlled),8,1
23,3,"San Juan Cotzocón, OAX",San Juan Cotzocón ,Oaxaca,113,Tropical humid,2017,HMS,21.33961290322581,30.78236559139785,59.41935483870967,95.41655913978494,Hybrid,121,4,11.7,34.1,0.0799866799866799,0.1198801198801199,2.299000999000999,4.084948384948399,14.6,26.94,1.407185628742515,1.25748502994012,0.0828705938064267,7.594810379241507,1,0,0,0,0,0,SRC-CIMMYT-CTRL-HUMID,"Verhulst, N., Burgueño, J., Odjo, S., Rivers, A. (2020). Data for: Hermetic storage technologies reduce maize pest damage in smallholder farming systems in Mexico. Mendeley Data, V1.",https://doi.org/10.17632/fmtgzw5mmp.1,Mexico,"San Juan Cotzocón, Oaxaca",,,113,Am,Beck et al. 2018 Köppen-Geiger 1 km; site classified Am; CIMMYT label Tropical humid; coordinates not recorded in source subset,as reported in CIMMYT Controlled Weight_Loss (%) column (dataset Legend),r2,user training subset CIMMYT_TropicalHumid_subset.xlsx (from DataControlled),8,1
24,3,"San Juan Cotzocón, OAX",San Juan Cotzocón ,Oaxaca,113,Tropical humid,2017,HMS,21.33961290322581,30.78236559139785,59.41935483870967,95.41655913978494,Hybrid,121,4,11.7,34.1,0.0799866799866799,0.1198801198801199,2.299000999000999,4.084948384948399,14.44,26.7,1.5,2.8,0.2704923064374037,9.080000000000007,1,0,0,1,0,0,SRC-CIMMYT-CTRL-HUMID,"Verhulst, N., Burgueño, J., Odjo, S., Rivers, A. (2020). Data for: Hermetic storage technologies reduce maize pest damage in smallholder farming systems in Mexico. Mendeley Data, V1.",https://doi.org/10.17632/fmtgzw5mmp.1,Mexico,"San Juan Cotzocón, Oaxaca",,,113,Am,Beck et al. 2018 Köppen-Geiger 1 km; site classified Am; CIMMYT label Tropical humid; coordinates not recorded in source subset,as reported in CIMMYT Controlled Weight_Loss (%) column (dataset Legend),r3,user training subset CIMMYT_TropicalHumid_subset.xlsx (from DataControlled),8,1
25,3,"San Juan Cotzocón, OAX",San Juan Cotzocón ,Oaxaca,113,Tropical humid,2017,PP_AP,19.39485215053763,28.48443548387097,61.12110215053763,95.49260752688171,Hybrid,210,6,11.7,34.1,0.0799866799866799,0.1198801198801199,2.299000999000999,4.084948384948399,11.3,24.5,67.5,6.5,5.446243645264545,76.35000000000001,1,0,0,448,0,1,SRC-CIMMYT-CTRL-HUMID,"Verhulst, N., Burgueño, J., Odjo, S., Rivers, A. (2020). Data for: Hermetic storage technologies reduce maize pest damage in smallholder farming systems in Mexico. Mendeley Data, V1.",https://doi.org/10.17632/fmtgzw5mmp.1,Mexico,"San Juan Cotzocón, Oaxaca",,,113,Am,Beck et al. 2018 Köppen-Geiger 1 km; site classified Am; CIMMYT label Tropical humid; coordinates not recorded in source subset,as reported in CIMMYT Controlled Weight_Loss (%) column (dataset Legend),r1,user training subset CIMMYT_TropicalHumid_subset.xlsx (from DataControlled),9,1
26,3,"San Juan Cotzocón, OAX",San Juan Cotzocón ,Oaxaca,113,Tropical humid,2017,PP_AP,19.39485215053763,28.48443548387097,61.12110215053763,95.49260752688171,Hybrid,210,6,11.7,34.1,0.0799866799866799,0.1198801198801199,2.299000999000999,4.084948384948399,11.7,24.5,43.6,6.4,5.486342418789612,53.17999999999999,1,0,0,107,0,0,SRC-CIMMYT-CTRL-HUMID,"Verhulst, N., Burgueño, J., Odjo, S., Rivers, A. (2020). Data for: Hermetic storage technologies reduce maize pest damage in smallholder farming systems in Mexico. Mendeley Data, V1.",https://doi.org/10.17632/fmtgzw5mmp.1,Mexico,"San Juan Cotzocón, Oaxaca",,,113,Am,Beck et al. 2018 Köppen-Geiger 1 km; site classified Am; CIMMYT label Tropical humid; coordinates not recorded in source subset,as reported in CIMMYT Controlled Weight_Loss (%) column (dataset Legend),r2,user training subset CIMMYT_TropicalHumid_subset.xlsx (from DataControlled),9,1
27,3,"San Juan Cotzocón, OAX",San Juan Cotzocón ,Oaxaca,113,Tropical humid,2017,PP_AP,19.39485215053763,28.48443548387097,61.12110215053763,95.49260752688171,Hybrid,210,6,11.7,34.1,0.0799866799866799,0.1198801198801199,2.299000999000999,4.084948384948399,12.1,24.9,27.7,19.4,3.48558910551542,49.86,1,0,0,145,21,0,SRC-CIMMYT-CTRL-HUMID,"Verhulst, N., Burgueño, J., Odjo, S., Rivers, A. (2020). Data for: Hermetic storage technologies reduce maize pest damage in smallholder farming systems in Mexico. Mendeley Data, V1.",https://doi.org/10.17632/fmtgzw5mmp.1,Mexico,"San Juan Cotzocón, Oaxaca",,,113,Am,Beck et al. 2018 Köppen-Geiger 1 km; site classified Am; CIMMYT label Tropical humid; coordinates not recorded in source subset,as reported in CIMMYT Controlled Weight_Loss (%) column (dataset Legend),r3,user training subset CIMMYT_TropicalHumid_subset.xlsx (from DataControlled),9,1
28,3,"San Juan Cotzocón, OAX",San Juan Cotzocón ,Oaxaca,113,Tropical humid,2017,PP_ML,19.39485215053763,28.48443548387097,61.12110215053763,95.49260752688171,Hybrid,210,6,11.7,34.1,0.0799866799866799,0.1198801198801199,2.299000999000999,4.084948384948399,11.3,20.6,4.8,19.8,2.518085834778883,32.40000000000001,1,0,0,2,4,3,SRC-CIMMYT-CTRL-HUMID,"Verhulst, N., Burgueño, J., Odjo, S., Rivers, A. (2020). Data for: Hermetic storage technologies reduce maize pest damage in smallholder farming systems in Mexico. Mendeley Data, V1.",https://doi.org/10.17632/fmtgzw5mmp.1,Mexico,"San Juan Cotzocón, Oaxaca",,,113,Am,Beck et al. 2018 Köppen-Geiger 1 km; site classified Am; CIMMYT label Tropical humid; coordinates not recorded in source subset,as reported in CIMMYT Controlled Weight_Loss (%) column (dataset Legend),r1,user training subset CIMMYT_TropicalHumid_subset.xlsx (from DataControlled),10,1
29,3,"San Juan Cotzocón, OAX",San Juan Cotzocón ,Oaxaca,113,Tropical humid,2017,PP_ML,19.39485215053763,28.48443548387097,61.12110215053763,95.49260752688171,Hybrid,210,6,11.7,34.1,0.0799866799866799,0.1198801198801199,2.299000999000999,4.084948384948399,11.4,20.5,6.5,4.850000000000001,2.570044967139398,16.5,1,0,0,62,45,0,SRC-CIMMYT-CTRL-HUMID,"Verhulst, N., Burgueño, J., Odjo, S., Rivers, A. (2020). Data for: Hermetic storage technologies reduce maize pest damage in smallholder farming systems in Mexico. Mendeley Data, V1.",https://doi.org/10.17632/fmtgzw5mmp.1,Mexico,"San Juan Cotzocón, Oaxaca",,,113,Am,Beck et al. 2018 Köppen-Geiger 1 km; site classified Am; CIMMYT label Tropical humid; coordinates not recorded in source subset,as reported in CIMMYT Controlled Weight_Loss (%) column (dataset Legend),r2,user training subset CIMMYT_TropicalHumid_subset.xlsx (from DataControlled),10,1
30,3,"San Juan Cotzocón, OAX",San Juan Cotzocón ,Oaxaca,113,Tropical humid,2017,PP_ML,19.39485215053763,28.48443548387097,61.12110215053763,95.49260752688171,Hybrid,210,6,11.7,34.1,0.0799866799866799,0.1198801198801199,2.299000999000999,4.084948384948399,11.9,20.6,5.518962075848303,14.99001996007984,5.050994624640889,26.26746506986029,1,0,0,56,9,0,SRC-CIMMYT-CTRL-HUMID,"Verhulst, N., Burgueño, J., Odjo, S., Rivers, A. (2020). Data for: Hermetic storage technologies reduce maize pest damage in smallholder farming systems in Mexico. Mendeley Data, V1.",https://doi.org/10.17632/fmtgzw5mmp.1,Mexico,"San Juan Cotzocón, Oaxaca",,,113,Am,Beck et al. 2018 Köppen-Geiger 1 km; site classified Am; CIMMYT label Tropical humid; coordinates not recorded in source subset,as reported in CIMMYT Controlled Weight_Loss (%) column (dataset Legend),r3,user training subset CIMMYT_TropicalHumid_subset.xlsx (from DataControlled),10,1
31,3,"San Juan Cotzocón, OAX",San Juan Cotzocón ,Oaxaca,113,Tropical humid,2017,HBT,19.39485215053763,28.48443548387097,61.12110215053763,95.49260752688171,Hybrid,210,6,11.7,34.1,0.0799866799866799,0.1198801198801199,2.299000999000999,4.084948384948399,14.9,20.5,0.71,1.95,0.0590421908703253,9.730000000000006,1,0,0,0,0,0,SRC-CIMMYT-CTRL-HUMID,"Verhulst, N., Burgueño, J., Odjo, S., Rivers, A. (2020). Data for: Hermetic storage technologies reduce maize pest damage in smallholder farming systems in Mexico. Mendeley Data, V1.",https://doi.org/10.17632/fmtgzw5mmp.1,Mexico,"San Juan Cotzocón, Oaxaca",,,113,Am,Beck et al. 2018 Köppen-Geiger 1 km; site classified Am; CIMMYT label Tropical humid; coordinates not recorded in source subset,as reported in CIMMYT Controlled Weight_Loss (%) column (dataset Legend),r1,user training subset CIMMYT_TropicalHumid_subset.xlsx (from DataControlled),11,1
32,3,"San Juan Cotzocón, OAX",San Juan Cotzocón ,Oaxaca,113,Tropical humid,2017,HBT,19.39485215053763,28.48443548387097,61.12110215053763,95.49260752688171,Hybrid,210,6,11.7,34.1,0.0799866799866799,0.1198801198801199,2.299000999000999,4.084948384948399,14.6,18.2,0.63,2.58,0.0523895496454999,10.04999999999999,1,0,0,0,0,0,SRC-CIMMYT-CTRL-HUMID,"Verhulst, N., Burgueño, J., Odjo, S., Rivers, A. (2020). Data for: Hermetic storage technologies reduce maize pest damage in smallholder farming systems in Mexico. Mendeley Data, V1.",https://doi.org/10.17632/fmtgzw5mmp.1,Mexico,"San Juan Cotzocón, Oaxaca",,,113,Am,Beck et al. 2018 Köppen-Geiger 1 km; site classified Am; CIMMYT label Tropical humid; coordinates not recorded in source subset,as reported in CIMMYT Controlled Weight_Loss (%) column (dataset Legend),r2,user training subset CIMMYT_TropicalHumid_subset.xlsx (from DataControlled),11,1
33,3,"San Juan Cotzocón, OAX",San Juan Cotzocón ,Oaxaca,113,Tropical humid,2017,HBT,19.39485215053763,28.48443548387097,61.12110215053763,95.49260752688171,Hybrid,210,6,11.7,34.1,0.0799866799866799,0.1198801198801199,2.299000999000999,4.084948384948399,14.8,18.7,0.05,2.9,0.0381529263687854,8.950000000000003,1,0,0,0,0,0,SRC-CIMMYT-CTRL-HUMID,"Verhulst, N., Burgueño, J., Odjo, S., Rivers, A. (2020). Data for: Hermetic storage technologies reduce maize pest damage in smallholder farming systems in Mexico. Mendeley Data, V1.",https://doi.org/10.17632/fmtgzw5mmp.1,Mexico,"San Juan Cotzocón, Oaxaca",,,113,Am,Beck et al. 2018 Köppen-Geiger 1 km; site classified Am; CIMMYT label Tropical humid; coordinates not recorded in source subset,as reported in CIMMYT Controlled Weight_Loss (%) column (dataset Legend),r3,user training subset CIMMYT_TropicalHumid_subset.xlsx (from DataControlled),11,1
34,3,"San Juan Cotzocón, OAX",San Juan Cotzocón ,Oaxaca,113,Tropical humid,2017,HMS,19.39485215053763,28.48443548387097,61.12110215053763,95.49260752688171,Hybrid,210,6,11.7,34.1,0.0799866799866799,0.1198801198801199,2.299000999000999,4.084948384948399,14.6,21.3,2.587064676616915,2.587064676616915,2.593941921096902,15.32338308457712,1,0,0,0,0,0,SRC-CIMMYT-CTRL-HUMID,"Verhulst, N., Burgueño, J., Odjo, S., Rivers, A. (2020). Data for: Hermetic storage technologies reduce maize pest damage in smallholder farming systems in Mexico. Mendeley Data, V1.",https://doi.org/10.17632/fmtgzw5mmp.1,Mexico,"San Juan Cotzocón, Oaxaca",,,113,Am,Beck et al. 2018 Köppen-Geiger 1 km; site classified Am; CIMMYT label Tropical humid; coordinates not recorded in source subset,as reported in CIMMYT Controlled Weight_Loss (%) column (dataset Legend),r1,user training subset CIMMYT_TropicalHumid_subset.xlsx (from DataControlled),12,1
35,3,"San Juan Cotzocón, OAX",San Juan Cotzocón ,Oaxaca,113,Tropical humid,2017,HMS,19.39485215053763,28.48443548387097,61.12110215053763,95.49260752688171,Hybrid,210,6,11.7,34.1,0.0799866799866799,0.1198801198801199,2.299000999000999,4.084948384948399,14.4,21.6,4.96039603960396,1.435643564356436,4.973582357128316,11.37623762376237,1,0,0,0,0,0,SRC-CIMMYT-CTRL-HUMID,"Verhulst, N., Burgueño, J., Odjo, S., Rivers, A. (2020). Data for: Hermetic storage technologies reduce maize pest damage in smallholder farming systems in Mexico. Mendeley Data, V1.",https://doi.org/10.17632/fmtgzw5mmp.1,Mexico,"San Juan Cotzocón, Oaxaca",,,113,Am,Beck et al. 2018 Köppen-Geiger 1 km; site classified Am; CIMMYT label Tropical humid; coordinates not recorded in source subset,as reported in CIMMYT Controlled Weight_Loss (%) column (dataset Legend),r2,user training subset CIMMYT_TropicalHumid_subset.xlsx (from DataControlled),12,1
36,3,"San Juan Cotzocón, OAX",San Juan Cotzocón ,Oaxaca,113,Tropical humid,2017,HMS,19.39485215053763,28.48443548387097,61.12110215053763,95.49260752688171,Hybrid,210,6,11.7,34.1,0.0799866799866799,0.1198801198801199,2.299000999000999,4.084948384948399,14.3,21.5,5.87,3.0,5.948668199855289,15.31,1,0,0,0,0,0,SRC-CIMMYT-CTRL-HUMID,"Verhulst, N., Burgueño, J., Odjo, S., Rivers, A. (2020). Data for: Hermetic storage technologies reduce maize pest damage in smallholder farming systems in Mexico. Mendeley Data, V1.",https://doi.org/10.17632/fmtgzw5mmp.1,Mexico,"San Juan Cotzocón, Oaxaca",,,113,Am,Beck et al. 2018 Köppen-Geiger 1 km; site classified Am; CIMMYT label Tropical humid; coordinates not recorded in source subset,as reported in CIMMYT Controlled Weight_Loss (%) column (dataset Legend),r3,user training subset CIMMYT_TropicalHumid_subset.xlsx (from DataControlled),12,1
37,9,"San Juan Cotzocón, OAX",San Juan Cotzocón ,Oaxaca,113,Tropical humid,2018,PP_AP,21.47349462365591,32.60639784946237,50.13252688172044,93.50510752688172,Hybrid,92,3,10.73333333333333,32.38666666666666,0.425709105093711,0.6520725311677488,2.769821044811913,10.01465366944608,9.57,31.47,0.48,4.48,0.0718887872875677,7.160000000000009,0,0,0,0,0,0,SRC-CIMMYT-CTRL-HUMID,"Verhulst, N., Burgueño, J., Odjo, S., Rivers, A. (2020). Data for: Hermetic storage technologies reduce maize pest damage in smallholder farming systems in Mexico. Mendeley Data, V1.",https://doi.org/10.17632/fmtgzw5mmp.1,Mexico,"San Juan Cotzocón, Oaxaca",,,113,Am,Beck et al. 2018 Köppen-Geiger 1 km; site classified Am; CIMMYT label Tropical humid; coordinates not recorded in source subset,as reported in CIMMYT Controlled Weight_Loss (%) column (dataset Legend),r1,user training subset CIMMYT_TropicalHumid_subset.xlsx (from DataControlled),13,1
38,9,"San Juan Cotzocón, OAX",San Juan Cotzocón ,Oaxaca,113,Tropical humid,2018,PP_AP,21.47349462365591,32.60639784946237,50.13252688172044,93.50510752688172,Hybrid,92,3,10.73333333333333,32.38666666666666,0.425709105093711,0.6520725311677488,2.769821044811913,10.01465366944608,9.73,31.23,0.9188973232121452,3.835397522972433,0.1276684688701857,6.751897722732727,0,0,0,0,0,0,SRC-CIMMYT-CTRL-HUMID,"Verhulst, N., Burgueño, J., Odjo, S., Rivers, A. (2020). Data for: Hermetic storage technologies reduce maize pest damage in smallholder farming systems in Mexico. Mendeley Data, V1.",https://doi.org/10.17632/fmtgzw5mmp.1,Mexico,"San Juan Cotzocón, Oaxaca",,,113,Am,Beck et al. 2018 Köppen-Geiger 1 km; site classified Am; CIMMYT label Tropical humid; coordinates not recorded in source subset,as reported in CIMMYT Controlled Weight_Loss (%) column (dataset Legend),r2,user training subset CIMMYT_TropicalHumid_subset.xlsx (from DataControlled),13,1
39,9,"San Juan Cotzocón, OAX",San Juan Cotzocón ,Oaxaca,113,Tropical humid,2018,PP_AP,21.47349462365591,32.60639784946237,50.13252688172044,93.50510752688172,Hybrid,92,3,10.73333333333333,32.38666666666666,0.425709105093711,0.6520725311677488,2.769821044811913,10.01465366944608,10.57,31.07,0.7197121151539384,4.398240703718512,0.2235759811632749,8.036785285885658,0,0,0,0,0,0,SRC-CIMMYT-CTRL-HUMID,"Verhulst, N., Burgueño, J., Odjo, S., Rivers, A. (2020). Data for: Hermetic storage technologies reduce maize pest damage in smallholder farming systems in Mexico. Mendeley Data, V1.",https://doi.org/10.17632/fmtgzw5mmp.1,Mexico,"San Juan Cotzocón, Oaxaca",,,113,Am,Beck et al. 2018 Köppen-Geiger 1 km; site classified Am; CIMMYT label Tropical humid; coordinates not recorded in source subset,as reported in CIMMYT Controlled Weight_Loss (%) column (dataset Legend),r3,user training subset CIMMYT_TropicalHumid_subset.xlsx (from DataControlled),13,1
40,9,"San Juan Cotzocón, OAX",San Juan Cotzocón ,Oaxaca,113,Tropical humid,2018,SPB,21.47349462365591,32.60639784946237,50.13252688172044,93.50510752688172,Hybrid,92,3,10.73333333333333,32.38666666666666,0.425709105093711,0.6520725311677488,2.769821044811913,10.01465366944608,10.1,31.2,1.3189448441247,3.277378097521982,0.1750475337603259,10.63149480415668,0,0,0,0,2,0,SRC-CIMMYT-CTRL-HUMID,"Verhulst, N., Burgueño, J., Odjo, S., Rivers, A. (2020). Data for: Hermetic storage technologies reduce maize pest damage in smallholder farming systems in Mexico. Mendeley Data, V1.",https://doi.org/10.17632/fmtgzw5mmp.1,Mexico,"San Juan Cotzocón, Oaxaca",,,113,Am,Beck et al. 2018 Köppen-Geiger 1 km; site classified Am; CIMMYT label Tropical humid; coordinates not recorded in source subset,as reported in CIMMYT Controlled Weight_Loss (%) column (dataset Legend),r1,user training subset CIMMYT_TropicalHumid_subset.xlsx (from DataControlled),14,1
41,9,"San Juan Cotzocón, OAX",San Juan Cotzocón ,Oaxaca,113,Tropical humid,2018,SPB,21.47349462365591,32.60639784946237,50.13252688172044,93.50510752688172,Hybrid,92,3,10.73333333333333,32.38666666666666,0.425709105093711,0.6520725311677488,2.769821044811913,10.01465366944608,10.37,31.13,1.799280287884846,2.598960415833667,0.1391412994093592,10.59576169532188,0,0,0,0,0,0,SRC-CIMMYT-CTRL-HUMID,"Verhulst, N., Burgueño, J., Odjo, S., Rivers, A. (2020). Data for: Hermetic storage technologies reduce maize pest damage in smallholder farming systems in Mexico. Mendeley Data, V1.",https://doi.org/10.17632/fmtgzw5mmp.1,Mexico,"San Juan Cotzocón, Oaxaca",,,113,Am,Beck et al. 2018 Köppen-Geiger 1 km; site classified Am; CIMMYT label Tropical humid; coordinates not recorded in source subset,as reported in CIMMYT Controlled Weight_Loss (%) column (dataset Legend),r2,user training subset CIMMYT_TropicalHumid_subset.xlsx (from DataControlled),14,1
42,9,"San Juan Cotzocón, OAX",San Juan Cotzocón ,Oaxaca,113,Tropical humid,2018,SPB,21.47349462365591,32.60639784946237,50.13252688172044,93.50510752688172,Hybrid,92,3,10.73333333333333,32.38666666666666,0.425709105093711,0.6520725311677488,2.769821044811913,10.01465366944608,9.83,31.03,0.7598480303939212,3.599280143971205,0.0817796940081051,10.5378924215157,0,0,0,0,0,0,SRC-CIMMYT-CTRL-HUMID,"Verhulst, N., Burgueño, J., Odjo, S., Rivers, A. (2020). Data for: Hermetic storage technologies reduce maize pest damage in smallholder farming systems in Mexico. Mendeley Data, V1.",https://doi.org/10.17632/fmtgzw5mmp.1,Mexico,"San Juan Cotzocón, Oaxaca",,,113,Am,Beck et al. 2018 Köppen-Geiger 1 km; site classified Am; CIMMYT label Tropical humid; coordinates not recorded in source subset,as reported in CIMMYT Controlled Weight_Loss (%) column (dataset Legend),r3,user training subset CIMMYT_TropicalHumid_subset.xlsx (from DataControlled),14,1
43,9,"San Juan Cotzocón, OAX",San Juan Cotzocón ,Oaxaca,113,Tropical humid,2018,HBT,21.47349462365591,32.60639784946237,50.13252688172044,93.50510752688172,Hybrid,92,3,10.73333333333333,32.38666666666666,0.425709105093711,0.6520725311677488,2.769821044811913,10.01465366944608,10.83,30.93,1.079136690647482,3.397282174260591,0.2796467585199979,6.195043964828132,0,0,0,0,0,0,SRC-CIMMYT-CTRL-HUMID,"Verhulst, N., Burgueño, J., Odjo, S., Rivers, A. (2020). Data for: Hermetic storage technologies reduce maize pest damage in smallholder farming systems in Mexico. Mendeley Data, V1.",https://doi.org/10.17632/fmtgzw5mmp.1,Mexico,"San Juan Cotzocón, Oaxaca",,,113,Am,Beck et al. 2018 Köppen-Geiger 1 km; site classified Am; CIMMYT label Tropical humid; coordinates not recorded in source subset,as reported in CIMMYT Controlled Weight_Loss (%) column (dataset Legend),r1,user training subset CIMMYT_TropicalHumid_subset.xlsx (from DataControlled),15,1
44,9,"San Juan Cotzocón, OAX",San Juan Cotzocón ,Oaxaca,113,Tropical humid,2018,HBT,21.47349462365591,32.60639784946237,50.13252688172044,93.50510752688172,Hybrid,92,3,10.73333333333333,32.38666666666666,0.425709105093711,0.6520725311677488,2.769821044811913,10.01465366944608,10.2,31.5,0.2798880447820872,3.358656537385047,0.1017537927112314,5.157936825269896,0,0,0,0,0,0,SRC-CIMMYT-CTRL-HUMID,"Verhulst, N., Burgueño, J., Odjo, S., Rivers, A. (2020). Data for: Hermetic storage technologies reduce maize pest damage in smallholder farming systems in Mexico. Mendeley Data, V1.",https://doi.org/10.17632/fmtgzw5mmp.1,Mexico,"San Juan Cotzocón, Oaxaca",,,113,Am,Beck et al. 2018 Köppen-Geiger 1 km; site classified Am; CIMMYT label Tropical humid; coordinates not recorded in source subset,as reported in CIMMYT Controlled Weight_Loss (%) column (dataset Legend),r2,user training subset CIMMYT_TropicalHumid_subset.xlsx (from DataControlled),15,1
45,9,"San Juan Cotzocón, OAX",San Juan Cotzocón ,Oaxaca,113,Tropical humid,2018,HBT,21.47349462365591,32.60639784946237,50.13252688172044,93.50510752688172,Hybrid,92,3,10.73333333333333,32.38666666666666,0.425709105093711,0.6520725311677488,2.769821044811913,10.01465366944608,10.7,31.1,0.72,2.2,0.1013169424132079,4.279999999999996,0,0,0,0,0,0,SRC-CIMMYT-CTRL-HUMID,"Verhulst, N., Burgueño, J., Odjo, S., Rivers, A. (2020). Data for: Hermetic storage technologies reduce maize pest damage in smallholder farming systems in Mexico. Mendeley Data, V1.",https://doi.org/10.17632/fmtgzw5mmp.1,Mexico,"San Juan Cotzocón, Oaxaca",,,113,Am,Beck et al. 2018 Köppen-Geiger 1 km; site classified Am; CIMMYT label Tropical humid; coordinates not recorded in source subset,as reported in CIMMYT Controlled Weight_Loss (%) column (dataset Legend),r3,user training subset CIMMYT_TropicalHumid_subset.xlsx (from DataControlled),15,1
46,9,"San Juan Cotzocón, OAX",San Juan Cotzocón ,Oaxaca,113,Tropical humid,2018,HMS,21.47349462365591,32.60639784946237,50.13252688172044,93.50510752688172,Hybrid,92,3,10.73333333333333,32.38666666666666,0.425709105093711,0.6520725311677488,2.769821044811913,10.01465366944608,9.67,27.6,2.0,3.279999999999999,0.1984017200085368,7.279999999999994,0,0,0,2,0,0,SRC-CIMMYT-CTRL-HUMID,"Verhulst, N., Burgueño, J., Odjo, S., Rivers, A. (2020). Data for: Hermetic storage technologies reduce maize pest damage in smallholder farming systems in Mexico. Mendeley Data, V1.",https://doi.org/10.17632/fmtgzw5mmp.1,Mexico,"San Juan Cotzocón, Oaxaca",,,113,Am,Beck et al. 2018 Köppen-Geiger 1 km; site classified Am; CIMMYT label Tropical humid; coordinates not recorded in source subset,as reported in CIMMYT Controlled Weight_Loss (%) column (dataset Legend),r1,user training subset CIMMYT_TropicalHumid_subset.xlsx (from DataControlled),16,1
47,9,"San Juan Cotzocón, OAX",San Juan Cotzocón ,Oaxaca,113,Tropical humid,2018,HMS,21.47349462365591,32.60639784946237,50.13252688172044,93.50510752688172,Hybrid,92,3,10.73333333333333,32.38666666666666,0.425709105093711,0.6520725311677488,2.769821044811913,10.01465366944608,9.3,27.57,3.793929712460064,5.231629392971246,0.5585760243442099,10.98242811501598,0,0,0,0,0,0,SRC-CIMMYT-CTRL-HUMID,"Verhulst, N., Burgueño, J., Odjo, S., Rivers, A. (2020). Data for: Hermetic storage technologies reduce maize pest damage in smallholder farming systems in Mexico. Mendeley Data, V1.",https://doi.org/10.17632/fmtgzw5mmp.1,Mexico,"San Juan Cotzocón, Oaxaca",,,113,Am,Beck et al. 2018 Köppen-Geiger 1 km; site classified Am; CIMMYT label Tropical humid; coordinates not recorded in source subset,as reported in CIMMYT Controlled Weight_Loss (%) column (dataset Legend),r2,user training subset CIMMYT_TropicalHumid_subset.xlsx (from DataControlled),16,1
48,9,"San Juan Cotzocón, OAX",San Juan Cotzocón ,Oaxaca,113,Tropical humid,2018,HMS,21.47349462365591,32.60639784946237,50.13252688172044,93.50510752688172,Hybrid,92,3,10.73333333333333,32.38666666666666,0.425709105093711,0.6520725311677488,2.769821044811913,10.01465366944608,9.27,28.2,2.239104358256697,4.198320671731308,0.2221210779783699,8.8764494202319,0,0,0,2,0,0,SRC-CIMMYT-CTRL-HUMID,"Verhulst, N., Burgueño, J., Odjo, S., Rivers, A. (2020). Data for: Hermetic storage technologies reduce maize pest damage in smallholder farming systems in Mexico. Mendeley Data, V1.",https://doi.org/10.17632/fmtgzw5mmp.1,Mexico,"San Juan Cotzocón, Oaxaca",,,113,Am,Beck et al. 2018 Köppen-Geiger 1 km; site classified Am; CIMMYT label Tropical humid; coordinates not recorded in source subset,as reported in CIMMYT Controlled Weight_Loss (%) column (dataset Legend),r3,user training subset CIMMYT_TropicalHumid_subset.xlsx (from DataControlled),16,1
49,9,"San Juan Cotzocón, OAX",San Juan Cotzocón ,Oaxaca,113,Tropical humid,2018,PBO,21.47349462365591,32.60639784946237,50.13252688172044,93.50510752688172,Hybrid,92,3,10.73333333333333,32.38666666666666,0.425709105093711,0.6520725311677488,2.769821044811913,10.01465366944608,10.83,26.97,0.8400000000000001,2.68,0.1671220402010871,6.319999999999999,0,0,0,1,1,0,SRC-CIMMYT-CTRL-HUMID,"Verhulst, N., Burgueño, J., Odjo, S., Rivers, A. (2020). Data for: Hermetic storage technologies reduce maize pest damage in smallholder farming systems in Mexico. Mendeley Data, V1.",https://doi.org/10.17632/fmtgzw5mmp.1,Mexico,"San Juan Cotzocón, Oaxaca",,,113,Am,Beck et al. 2018 Köppen-Geiger 1 km; site classified Am; CIMMYT label Tropical humid; coordinates not recorded in source subset,as reported in CIMMYT Controlled Weight_Loss (%) column (dataset Legend),r1,user training subset CIMMYT_TropicalHumid_subset.xlsx (from DataControlled),17,1
50,9,"San Juan Cotzocón, OAX",San Juan Cotzocón ,Oaxaca,113,Tropical humid,2018,PBO,21.47349462365591,32.60639784946237,50.13252688172044,93.50510752688172,Hybrid,92,3,10.73333333333333,32.38666666666666,0.425709105093711,0.6520725311677488,2.769821044811913,10.01465366944608,10.0,27.43,0.8383233532934133,2.874251497005988,0.1951252360903123,5.508982035928141,0,0,0,0,0,0,SRC-CIMMYT-CTRL-HUMID,"Verhulst, N., Burgueño, J., Odjo, S., Rivers, A. (2020). Data for: Hermetic storage technologies reduce maize pest damage in smallholder farming systems in Mexico. Mendeley Data, V1.",https://doi.org/10.17632/fmtgzw5mmp.1,Mexico,"San Juan Cotzocón, Oaxaca",,,113,Am,Beck et al. 2018 Köppen-Geiger 1 km; site classified Am; CIMMYT label Tropical humid; coordinates not recorded in source subset,as reported in CIMMYT Controlled Weight_Loss (%) column (dataset Legend),r2,user training subset CIMMYT_TropicalHumid_subset.xlsx (from DataControlled),17,1
51,9,"San Juan Cotzocón, OAX",San Juan Cotzocón ,Oaxaca,113,Tropical humid,2018,PBO,21.47349462365591,32.60639784946237,50.13252688172044,93.50510752688172,Hybrid,92,3,10.73333333333333,32.38666666666666,0.425709105093711,0.6520725311677488,2.769821044811913,10.01465366944608,8.5,27.57,1.16,3.16,0.2619621202565623,5.639999999999999,0,0,0,1,0,0,SRC-CIMMYT-CTRL-HUMID,"Verhulst, N., Burgueño, J., Odjo, S., Rivers, A. (2020). Data for: Hermetic storage technologies reduce maize pest damage in smallholder farming systems in Mexico. Mendeley Data, V1.",https://doi.org/10.17632/fmtgzw5mmp.1,Mexico,"San Juan Cotzocón, Oaxaca",,,113,Am,Beck et al. 2018 Köppen-Geiger 1 km; site classified Am; CIMMYT label Tropical humid; coordinates not recorded in source subset,as reported in CIMMYT Controlled Weight_Loss (%) column (dataset Legend),r3,user training subset CIMMYT_TropicalHumid_subset.xlsx (from DataControlled),17,1
52,9,"San Juan Cotzocón, OAX",San Juan Cotzocón ,Oaxaca,113,Tropical humid,2018,PP_AP,20.17324116743472,30.40981566820276,56.05299539170507,94.5136712749616,Hybrid,180,6,10.73333333333333,32.38666666666666,0.425709105093711,0.6520725311677488,2.769821044811913,10.01465366944608,11.2,27.0,2.399520095980804,4.539092181563687,0.4645900499074782,9.258148370325946,0,0,0,19,0,1,SRC-CIMMYT-CTRL-HUMID,"Verhulst, N., Burgueño, J., Odjo, S., Rivers, A. (2020). Data for: Hermetic storage technologies reduce maize pest damage in smallholder farming systems in Mexico. Mendeley Data, V1.",https://doi.org/10.17632/fmtgzw5mmp.1,Mexico,"San Juan Cotzocón, Oaxaca",,,113,Am,Beck et al. 2018 Köppen-Geiger 1 km; site classified Am; CIMMYT label Tropical humid; coordinates not recorded in source subset,as reported in CIMMYT Controlled Weight_Loss (%) column (dataset Legend),r1,user training subset CIMMYT_TropicalHumid_subset.xlsx (from DataControlled),18,1
53,9,"San Juan Cotzocón, OAX",San Juan Cotzocón ,Oaxaca,113,Tropical humid,2018,PP_AP,20.17324116743472,30.40981566820276,56.05299539170507,94.5136712749616,Hybrid,180,6,10.73333333333333,32.38666666666666,0.425709105093711,0.6520725311677488,2.769821044811913,10.01465366944608,11.9,26.8,1.919616076784643,4.259148170365927,0.3785091401109634,8.418316336732662,0,0,0,1,0,0,SRC-CIMMYT-CTRL-HUMID,"Verhulst, N., Burgueño, J., Odjo, S., Rivers, A. (2020). Data for: Hermetic storage technologies reduce maize pest damage in smallholder farming systems in Mexico. Mendeley Data, V1.",https://doi.org/10.17632/fmtgzw5mmp.1,Mexico,"San Juan Cotzocón, Oaxaca",,,113,Am,Beck et al. 2018 Köppen-Geiger 1 km; site classified Am; CIMMYT label Tropical humid; coordinates not recorded in source subset,as reported in CIMMYT Controlled Weight_Loss (%) column (dataset Legend),r2,user training subset CIMMYT_TropicalHumid_subset.xlsx (from DataControlled),18,1
54,9,"San Juan Cotzocón, OAX",San Juan Cotzocón ,Oaxaca,113,Tropical humid,2018,SPB,20.17324116743472,30.40981566820276,56.05299539170507,94.5136712749616,Hybrid,180,6,10.73333333333333,32.38666666666666,0.425709105093711,0.6520725311677488,2.769821044811913,10.01465366944608,10.2,27.5,1.359456217512995,4.758096761295482,0.2628768586215396,7.536985205917627,0,0,0,3,0,0,SRC-CIMMYT-CTRL-HUMID,"Verhulst, N., Burgueño, J., Odjo, S., Rivers, A. (2020). Data for: Hermetic storage technologies reduce maize pest damage in smallholder farming systems in Mexico. Mendeley Data, V1.",https://doi.org/10.17632/fmtgzw5mmp.1,Mexico,"San Juan Cotzocón, Oaxaca",,,113,Am,Beck et al. 2018 Köppen-Geiger 1 km; site classified Am; CIMMYT label Tropical humid; coordinates not recorded in source subset,as reported in CIMMYT Controlled Weight_Loss (%) column (dataset Legend),r1,user training subset CIMMYT_TropicalHumid_subset.xlsx (from DataControlled),19,1
55,9,"San Juan Cotzocón, OAX",San Juan Cotzocón ,Oaxaca,113,Tropical humid,2018,SPB,20.17324116743472,30.40981566820276,56.05299539170507,94.5136712749616,Hybrid,180,6,10.73333333333333,32.38666666666666,0.425709105093711,0.6520725311677488,2.769821044811913,10.01465366944608,11.6,27.5,1.419432227109156,4.218312674930028,0.2272329629953635,7.477009196321468,0,0,0,0,1,0,SRC-CIMMYT-CTRL-HUMID,"Verhulst, N., Burgueño, J., Odjo, S., Rivers, A. (2020). Data for: Hermetic storage technologies reduce maize pest damage in smallholder farming systems in Mexico. Mendeley Data, V1.",https://doi.org/10.17632/fmtgzw5mmp.1,Mexico,"San Juan Cotzocón, Oaxaca",,,113,Am,Beck et al. 2018 Köppen-Geiger 1 km; site classified Am; CIMMYT label Tropical humid; coordinates not recorded in source subset,as reported in CIMMYT Controlled Weight_Loss (%) column (dataset Legend),r2,user training subset CIMMYT_TropicalHumid_subset.xlsx (from DataControlled),19,1
56,9,"San Juan Cotzocón, OAX",San Juan Cotzocón ,Oaxaca,113,Tropical humid,2018,SPB,20.17324116743472,30.40981566820276,56.05299539170507,94.5136712749616,Hybrid,180,6,10.73333333333333,32.38666666666666,0.425709105093711,0.6520725311677488,2.769821044811913,10.01465366944608,11.1,26.5,0.8396641343462616,4.718112754898041,0.2073902401277955,7.217113154738111,0,0,0,1,0,0,SRC-CIMMYT-CTRL-HUMID,"Verhulst, N., Burgueño, J., Odjo, S., Rivers, A. (2020). Data for: Hermetic storage technologies reduce maize pest damage in smallholder farming systems in Mexico. Mendeley Data, V1.",https://doi.org/10.17632/fmtgzw5mmp.1,Mexico,"San Juan Cotzocón, Oaxaca",,,113,Am,Beck et al. 2018 Köppen-Geiger 1 km; site classified Am; CIMMYT label Tropical humid; coordinates not recorded in source subset,as reported in CIMMYT Controlled Weight_Loss (%) column (dataset Legend),r3,user training subset CIMMYT_TropicalHumid_subset.xlsx (from DataControlled),19,1
57,9,"San Juan Cotzocón, OAX",San Juan Cotzocón ,Oaxaca,113,Tropical humid,2018,HBT,20.17324116743472,30.40981566820276,56.05299539170507,94.5136712749616,Hybrid,180,6,10.73333333333333,32.38666666666666,0.425709105093711,0.6520725311677488,2.769821044811913,10.01465366944608,11.0,27.2,1.079568172730908,3.318672530987606,0.2756199594031504,6.117552978808487,0,0,0,0,0,0,SRC-CIMMYT-CTRL-HUMID,"Verhulst, N., Burgueño, J., Odjo, S., Rivers, A. (2020). Data for: Hermetic storage technologies reduce maize pest damage in smallholder farming systems in Mexico. Mendeley Data, V1.",https://doi.org/10.17632/fmtgzw5mmp.1,Mexico,"San Juan Cotzocón, Oaxaca",,,113,Am,Beck et al. 2018 Köppen-Geiger 1 km; site classified Am; CIMMYT label Tropical humid; coordinates not recorded in source subset,as reported in CIMMYT Controlled Weight_Loss (%) column (dataset Legend),r1,user training subset CIMMYT_TropicalHumid_subset.xlsx (from DataControlled),20,1
58,9,"San Juan Cotzocón, OAX",San Juan Cotzocón ,Oaxaca,113,Tropical humid,2018,HBT,20.17324116743472,30.40981566820276,56.05299539170507,94.5136712749616,Hybrid,180,6,10.73333333333333,32.38666666666666,0.425709105093711,0.6520725311677488,2.769821044811913,10.01465366944608,10.8,27.2,0.4199160167966407,3.259348130373925,0.2070724786342935,4.759048190361933,0,0,0,0,0,0,SRC-CIMMYT-CTRL-HUMID,"Verhulst, N., Burgueño, J., Odjo, S., Rivers, A. (2020). Data for: Hermetic storage technologies reduce maize pest damage in smallholder farming systems in Mexico. Mendeley Data, V1.",https://doi.org/10.17632/fmtgzw5mmp.1,Mexico,"San Juan Cotzocón, Oaxaca",,,113,Am,Beck et al. 2018 Köppen-Geiger 1 km; site classified Am; CIMMYT label Tropical humid; coordinates not recorded in source subset,as reported in CIMMYT Controlled Weight_Loss (%) column (dataset Legend),r2,user training subset CIMMYT_TropicalHumid_subset.xlsx (from DataControlled),20,1
59,9,"San Juan Cotzocón, OAX",San Juan Cotzocón ,Oaxaca,113,Tropical humid,2018,HBT,20.17324116743472,30.40981566820276,56.05299539170507,94.5136712749616,Hybrid,180,6,10.73333333333333,32.38666666666666,0.425709105093711,0.6520725311677488,2.769821044811913,10.01465366944608,10.5,27.1,0.7798440311937612,2.559488102379524,0.125219862397064,4.759048190361947,0,0,0,0,0,0,SRC-CIMMYT-CTRL-HUMID,"Verhulst, N., Burgueño, J., Odjo, S., Rivers, A. (2020). Data for: Hermetic storage technologies reduce maize pest damage in smallholder farming systems in Mexico. Mendeley Data, V1.",https://doi.org/10.17632/fmtgzw5mmp.1,Mexico,"San Juan Cotzocón, Oaxaca",,,113,Am,Beck et al. 2018 Köppen-Geiger 1 km; site classified Am; CIMMYT label Tropical humid; coordinates not recorded in source subset,as reported in CIMMYT Controlled Weight_Loss (%) column (dataset Legend),r3,user training subset CIMMYT_TropicalHumid_subset.xlsx (from DataControlled),20,1
60,9,"San Juan Cotzocón, OAX",San Juan Cotzocón ,Oaxaca,113,Tropical humid,2018,HMS,20.17324116743472,30.40981566820276,56.05299539170507,94.5136712749616,Hybrid,180,6,10.73333333333333,32.38666666666666,0.425709105093711,0.6520725311677488,2.769821044811913,10.01465366944608,9.7,26.8,1.72,5.56,0.2699114855767125,10.01999999999999,0,0,0,0,0,0,SRC-CIMMYT-CTRL-HUMID,"Verhulst, N., Burgueño, J., Odjo, S., Rivers, A. (2020). Data for: Hermetic storage technologies reduce maize pest damage in smallholder farming systems in Mexico. Mendeley Data, V1.",https://doi.org/10.17632/fmtgzw5mmp.1,Mexico,"San Juan Cotzocón, Oaxaca",,,113,Am,Beck et al. 2018 Köppen-Geiger 1 km; site classified Am; CIMMYT label Tropical humid; coordinates not recorded in source subset,as reported in CIMMYT Controlled Weight_Loss (%) column (dataset Legend),r1,user training subset CIMMYT_TropicalHumid_subset.xlsx (from DataControlled),21,1
61,9,"San Juan Cotzocón, OAX",San Juan Cotzocón ,Oaxaca,113,Tropical humid,2018,HMS,20.17324116743472,30.40981566820276,56.05299539170507,94.5136712749616,Hybrid,180,6,10.73333333333333,32.38666666666666,0.425709105093711,0.6520725311677488,2.769821044811913,10.01465366944608,10.8,26.6,2.538984406237505,5.777688924430228,0.6205499792895894,10.01599360255896,0,0,0,0,0,0,SRC-CIMMYT-CTRL-HUMID,"Verhulst, N., Burgueño, J., Odjo, S., Rivers, A. (2020). Data for: Hermetic storage technologies reduce maize pest damage in smallholder farming systems in Mexico. Mendeley Data, V1.",https://doi.org/10.17632/fmtgzw5mmp.1,Mexico,"San Juan Cotzocón, Oaxaca",,,113,Am,Beck et al. 2018 Köppen-Geiger 1 km; site classified Am; CIMMYT label Tropical humid; coordinates not recorded in source subset,as reported in CIMMYT Controlled Weight_Loss (%) column (dataset Legend),r2,user training subset CIMMYT_TropicalHumid_subset.xlsx (from DataControlled),21,1
62,9,"San Juan Cotzocón, OAX",San Juan Cotzocón ,Oaxaca,113,Tropical humid,2018,HMS,20.17324116743472,30.40981566820276,56.05299539170507,94.5136712749616,Hybrid,180,6,10.73333333333333,32.38666666666666,0.425709105093711,0.6520725311677488,2.769821044811913,10.01465366944608,9.6,26.8,2.179128348660536,6.637345061975211,0.790593058399311,11.19552179128349,0,0,0,0,1,0,SRC-CIMMYT-CTRL-HUMID,"Verhulst, N., Burgueño, J., Odjo, S., Rivers, A. (2020). Data for: Hermetic storage technologies reduce maize pest damage in smallholder farming systems in Mexico. Mendeley Data, V1.",https://doi.org/10.17632/fmtgzw5mmp.1,Mexico,"San Juan Cotzocón, Oaxaca",,,113,Am,Beck et al. 2018 Köppen-Geiger 1 km; site classified Am; CIMMYT label Tropical humid; coordinates not recorded in source subset,as reported in CIMMYT Controlled Weight_Loss (%) column (dataset Legend),r3,user training subset CIMMYT_TropicalHumid_subset.xlsx (from DataControlled),21,1
63,9,"San Juan Cotzocón, OAX",San Juan Cotzocón ,Oaxaca,113,Tropical humid,2018,PBO,20.17324116743472,30.40981566820276,56.05299539170507,94.5136712749616,Hybrid,180,6,10.73333333333333,32.38666666666666,0.425709105093711,0.6520725311677488,2.769821044811913,10.01465366944608,10.5,26.5,1.359728054389122,4.719056188762248,0.1603725474407495,8.938212357528489,0,0,0,0,0,0,SRC-CIMMYT-CTRL-HUMID,"Verhulst, N., Burgueño, J., Odjo, S., Rivers, A. (2020). Data for: Hermetic storage technologies reduce maize pest damage in smallholder farming systems in Mexico. Mendeley Data, V1.",https://doi.org/10.17632/fmtgzw5mmp.1,Mexico,"San Juan Cotzocón, Oaxaca",,,113,Am,Beck et al. 2018 Köppen-Geiger 1 km; site classified Am; CIMMYT label Tropical humid; coordinates not recorded in source subset,as reported in CIMMYT Controlled Weight_Loss (%) column (dataset Legend),r1,user training subset CIMMYT_TropicalHumid_subset.xlsx (from DataControlled),22,1
64,9,"San Juan Cotzocón, OAX",San Juan Cotzocón ,Oaxaca,113,Tropical humid,2018,PBO,20.17324116743472,30.40981566820276,56.05299539170507,94.5136712749616,Hybrid,180,6,10.73333333333333,32.38666666666666,0.425709105093711,0.6520725311677488,2.769821044811913,10.01465366944608,10.8,26.3,1.839632073585283,3.999200159968006,0.2053334965392919,7.858428314337131,0,0,0,0,0,0,SRC-CIMMYT-CTRL-HUMID,"Verhulst, N., Burgueño, J., Odjo, S., Rivers, A. (2020). Data for: Hermetic storage technologies reduce maize pest damage in smallholder farming systems in Mexico. Mendeley Data, V1.",https://doi.org/10.17632/fmtgzw5mmp.1,Mexico,"San Juan Cotzocón, Oaxaca",,,113,Am,Beck et al. 2018 Köppen-Geiger 1 km; site classified Am; CIMMYT label Tropical humid; coordinates not recorded in source subset,as reported in CIMMYT Controlled Weight_Loss (%) column (dataset Legend),r2,user training subset CIMMYT_TropicalHumid_subset.xlsx (from DataControlled),22,1
65,9,"San Juan Cotzocón, OAX",San Juan Cotzocón ,Oaxaca,113,Tropical humid,2018,PBO,20.17324116743472,30.40981566820276,56.05299539170507,94.5136712749616,Hybrid,180,6,10.73333333333333,32.38666666666666,0.425709105093711,0.6520725311677488,2.769821044811913,10.01465366944608,10.2,26.1,1.159768046390722,4.599080183963207,0.1925599542564998,7.69846030793842,0,0,0,0,0,0,SRC-CIMMYT-CTRL-HUMID,"Verhulst, N., Burgueño, J., Odjo, S., Rivers, A. (2020). Data for: Hermetic storage technologies reduce maize pest damage in smallholder farming systems in Mexico. Mendeley Data, V1.",https://doi.org/10.17632/fmtgzw5mmp.1,Mexico,"San Juan Cotzocón, Oaxaca",,,113,Am,Beck et al. 2018 Köppen-Geiger 1 km; site classified Am; CIMMYT label Tropical humid; coordinates not recorded in source subset,as reported in CIMMYT Controlled Weight_Loss (%) column (dataset Legend),r3,user training subset CIMMYT_TropicalHumid_subset.xlsx (from DataControlled),22,1
66,4,"San Pedro Pochutla, OAX",San Pedro Pochutla ,Oaxaca,202,Tropical subhumid,2017,HMS,20.003817204301075,28.17467741935484,45.95483870967742,81.96612903225807,Hybrid,30,1,12.763333333333334,29.773333333333337,0.13,0.4666666666666666,0.2066666666666666,2.0499999999999927,10.6,29.4,0.3399999999999999,0.3399999999999999,0.1729270990149341,2.279999999999999,3,1,0,0,0,0,SRC-CIMMYT-CTRL-SUBHUMID,"Verhulst, N., Burgueño, J., Odjo, S., Rivers, A. (2020). Data for: Hermetic storage technologies reduce maize pest damage in smallholder farming systems in Mexico. Mendeley Data, V1.",https://doi.org/10.17632/fmtgzw5mmp.1,Mexico,"San Pedro Pochutla, Oaxaca",15.744,-96.466,202,Aw,"Beck et al. 2018 Köppen 1 km at site coords (~15.74N, 96.47W); CIMMYT label Tropical subhumid",as reported in CIMMYT Controlled Weight_Loss (%) column (dataset Legend),r1,direct from DataControlled sheet of original XLSX (hdl:11529/10548494 / DOI 10.17632/fmtgzw5mmp.1),23,2
67,4,"San Pedro Pochutla, OAX",San Pedro Pochutla ,Oaxaca,202,Tropical subhumid,2017,HMS,20.003817204301075,28.17467741935484,45.95483870967742,81.96612903225807,Hybrid,30,1,12.763333333333334,29.773333333333337,0.13,0.4666666666666666,0.2066666666666666,2.0499999999999927,10.6,29.7,0.16,0.19,0.143192933894215,1.649999999999987,3,1,0,1,1,0,SRC-CIMMYT-CTRL-SUBHUMID,"Verhulst, N., Burgueño, J., Odjo, S., Rivers, A. (2020). Data for: Hermetic storage technologies reduce maize pest damage in smallholder farming systems in Mexico. Mendeley Data, V1.",https://doi.org/10.17632/fmtgzw5mmp.1,Mexico,"San Pedro Pochutla, Oaxaca",15.744,-96.466,202,Aw,"Beck et al. 2018 Köppen 1 km at site coords (~15.74N, 96.47W); CIMMYT label Tropical subhumid",as reported in CIMMYT Controlled Weight_Loss (%) column (dataset Legend),r2,direct from DataControlled sheet of original XLSX (hdl:11529/10548494 / DOI 10.17632/fmtgzw5mmp.1),23,2
68,4,"San Pedro Pochutla, OAX",San Pedro Pochutla ,Oaxaca,202,Tropical subhumid,2017,HMS,20.003817204301075,28.17467741935484,45.95483870967742,81.96612903225807,Hybrid,30,1,12.763333333333334,29.773333333333337,0.13,0.4666666666666666,0.2066666666666666,2.0499999999999927,10.73,28.06,0.27,0.26,0.079090925756667,2.099999999999998,3,1,0,1,1,0,SRC-CIMMYT-CTRL-SUBHUMID,"Verhulst, N., Burgueño, J., Odjo, S., Rivers, A. (2020). Data for: Hermetic storage technologies reduce maize pest damage in smallholder farming systems in Mexico. Mendeley Data, V1.",https://doi.org/10.17632/fmtgzw5mmp.1,Mexico,"San Pedro Pochutla, Oaxaca",15.744,-96.466,202,Aw,"Beck et al. 2018 Köppen 1 km at site coords (~15.74N, 96.47W); CIMMYT label Tropical subhumid",as reported in CIMMYT Controlled Weight_Loss (%) column (dataset Legend),r3,direct from DataControlled sheet of original XLSX (hdl:11529/10548494 / DOI 10.17632/fmtgzw5mmp.1),23,2
69,4,"San Pedro Pochutla, OAX",San Pedro Pochutla ,Oaxaca,202,Tropical subhumid,2017,PP_SL,20.003817204301075,28.17467741935484,45.95483870967742,81.96612903225807,Hybrid,30,1,12.763333333333334,29.773333333333337,0.13,0.4666666666666666,0.2066666666666666,2.0499999999999927,8.43,32.36,0.83,0.47,0.1562991514961462,2.9799999999999893,3,1,0,6,0,0,SRC-CIMMYT-CTRL-SUBHUMID,"Verhulst, N., Burgueño, J., Odjo, S., Rivers, A. (2020). Data for: Hermetic storage technologies reduce maize pest damage in smallholder farming systems in Mexico. Mendeley Data, V1.",https://doi.org/10.17632/fmtgzw5mmp.1,Mexico,"San Pedro Pochutla, Oaxaca",15.744,-96.466,202,Aw,"Beck et al. 2018 Köppen 1 km at site coords (~15.74N, 96.47W); CIMMYT label Tropical subhumid",as reported in CIMMYT Controlled Weight_Loss (%) column (dataset Legend),r1,direct from DataControlled sheet of original XLSX (hdl:11529/10548494 / DOI 10.17632/fmtgzw5mmp.1),24,2
70,4,"San Pedro Pochutla, OAX",San Pedro Pochutla ,Oaxaca,202,Tropical subhumid,2017,PP_SL,20.003817204301075,28.17467741935484,45.95483870967742,81.96612903225807,Hybrid,30,1,12.763333333333334,29.773333333333337,0.13,0.4666666666666666,0.2066666666666666,2.0499999999999927,8.63,33.3,0.4599999999999999,0.4099999999999999,0.1903721969638976,2.1600000000000064,3,1,0,9,0,0,SRC-CIMMYT-CTRL-SUBHUMID,"Verhulst, N., Burgueño, J., Odjo, S., Rivers, A. (2020). Data for: Hermetic storage technologies reduce maize pest damage in smallholder farming systems in Mexico. Mendeley Data, V1.",https://doi.org/10.17632/fmtgzw5mmp.1,Mexico,"San Pedro Pochutla, Oaxaca",15.744,-96.466,202,Aw,"Beck et al. 2018 Köppen 1 km at site coords (~15.74N, 96.47W); CIMMYT label Tropical subhumid",as reported in CIMMYT Controlled Weight_Loss (%) column (dataset Legend),r2,direct from DataControlled sheet of original XLSX (hdl:11529/10548494 / DOI 10.17632/fmtgzw5mmp.1),24,2
71,4,"San Pedro Pochutla, OAX",San Pedro Pochutla ,Oaxaca,202,Tropical subhumid,2017,PP_SL,20.003817204301075,28.17467741935484,45.95483870967742,81.96612903225807,Hybrid,30,1,12.763333333333334,29.773333333333337,0.13,0.4666666666666666,0.2066666666666666,2.0499999999999927,7,33.9,0.37,0.2299999999999999,0.0867536155683261,1.7200000000000046,3,1,0,1,0,0,SRC-CIMMYT-CTRL-SUBHUMID,"Verhulst, N., Burgueño, J., Odjo, S., Rivers, A. (2020). Data for: Hermetic storage technologies reduce maize pest damage in smallholder farming systems in Mexico. Mendeley Data, V1.",https://doi.org/10.17632/fmtgzw5mmp.1,Mexico,"San Pedro Pochutla, Oaxaca",15.744,-96.466,202,Aw,"Beck et al. 2018 Köppen 1 km at site coords (~15.74N, 96.47W); CIMMYT label Tropical subhumid",as reported in CIMMYT Controlled Weight_Loss (%) column (dataset Legend),r3,direct from DataControlled sheet of original XLSX (hdl:11529/10548494 / DOI 10.17632/fmtgzw5mmp.1),24,2
72,4,"San Pedro Pochutla, OAX",San Pedro Pochutla ,Oaxaca,202,Tropical subhumid,2017,HBT,20.003817204301075,28.17467741935484,45.95483870967742,81.96612903225807,Hybrid,30,1,12.763333333333334,29.773333333333337,0.13,0.4666666666666666,0.2066666666666666,2.0499999999999927,10.86,33.23,0.21,0.12,0.0553653197574977,1.4400000000000028,3,1,0,0,0,0,SRC-CIMMYT-CTRL-SUBHUMID,"Verhulst, N., Burgueño, J., Odjo, S., Rivers, A. (2020). Data for: Hermetic storage technologies reduce maize pest damage in smallholder farming systems in Mexico. Mendeley Data, V1.",https://doi.org/10.17632/fmtgzw5mmp.1,Mexico,"San Pedro Pochutla, Oaxaca",15.744,-96.466,202,Aw,"Beck et al. 2018 Köppen 1 km at site coords (~15.74N, 96.47W); CIMMYT label Tropical subhumid",as reported in CIMMYT Controlled Weight_Loss (%) column (dataset Legend),r1,direct from DataControlled sheet of original XLSX (hdl:11529/10548494 / DOI 10.17632/fmtgzw5mmp.1),25,2
73,4,"San Pedro Pochutla, OAX",San Pedro Pochutla ,Oaxaca,202,Tropical subhumid,2017,HBT,20.003817204301075,28.17467741935484,45.95483870967742,81.96612903225807,Hybrid,30,1,12.763333333333334,29.773333333333337,0.13,0.4666666666666666,0.2066666666666666,2.0499999999999927,10.5,33.53,0.2799999999999999,0.1699999999999999,0.0087675748121655,1.870000000000009,3,1,0,0,0,0,SRC-CIMMYT-CTRL-SUBHUMID,"Verhulst, N., Burgueño, J., Odjo, S., Rivers, A. (2020). Data for: Hermetic storage technologies reduce maize pest damage in smallholder farming systems in Mexico. Mendeley Data, V1.",https://doi.org/10.17632/fmtgzw5mmp.1,Mexico,"San Pedro Pochutla, Oaxaca",15.744,-96.466,202,Aw,"Beck et al. 2018 Köppen 1 km at site coords (~15.74N, 96.47W); CIMMYT label Tropical subhumid",as reported in CIMMYT Controlled Weight_Loss (%) column (dataset Legend),r2,direct from DataControlled sheet of original XLSX (hdl:11529/10548494 / DOI 10.17632/fmtgzw5mmp.1),25,2
74,4,"San Pedro Pochutla, OAX",San Pedro Pochutla ,Oaxaca,202,Tropical subhumid,2017,HBT,20.003817204301075,28.17467741935484,45.95483870967742,81.96612903225807,Hybrid,30,1,12.763333333333334,29.773333333333337,0.13,0.4666666666666666,0.2066666666666666,2.0499999999999927,11.06,33.36,0.26,0.18,0.0779182677568151,1.6800000000000057,3,1,0,0,0,0,SRC-CIMMYT-CTRL-SUBHUMID,"Verhulst, N., Burgueño, J., Odjo, S., Rivers, A. (2020). Data for: Hermetic storage technologies reduce maize pest damage in smallholder farming systems in Mexico. Mendeley Data, V1.",https://doi.org/10.17632/fmtgzw5mmp.1,Mexico,"San Pedro Pochutla, Oaxaca",15.744,-96.466,202,Aw,"Beck et al. 2018 Köppen 1 km at site coords (~15.74N, 96.47W); CIMMYT label Tropical subhumid",as reported in CIMMYT Controlled Weight_Loss (%) column (dataset Legend),r3,direct from DataControlled sheet of original XLSX (hdl:11529/10548494 / DOI 10.17632/fmtgzw5mmp.1),25,2
75,4,"San Pedro Pochutla, OAX",San Pedro Pochutla ,Oaxaca,202,Tropical subhumid,2017,PP_AP,20.003817204301075,28.17467741935484,45.95483870967742,81.96612903225807,Hybrid,30,1,12.763333333333334,29.773333333333337,0.13,0.4666666666666666,0.2066666666666666,2.0499999999999927,10.13,29.93,0.27,0.2299999999999999,0.0168596387607142,1.370000000000008,3,1,0,1,0,0,SRC-CIMMYT-CTRL-SUBHUMID,"Verhulst, N., Burgueño, J., Odjo, S., Rivers, A. (2020). Data for: Hermetic storage technologies reduce maize pest damage in smallholder farming systems in Mexico. Mendeley Data, V1.",https://doi.org/10.17632/fmtgzw5mmp.1,Mexico,"San Pedro Pochutla, Oaxaca",15.744,-96.466,202,Aw,"Beck et al. 2018 Köppen 1 km at site coords (~15.74N, 96.47W); CIMMYT label Tropical subhumid",as reported in CIMMYT Controlled Weight_Loss (%) column (dataset Legend),r1,direct from DataControlled sheet of original XLSX (hdl:11529/10548494 / DOI 10.17632/fmtgzw5mmp.1),26,2
76,4,"San Pedro Pochutla, OAX",San Pedro Pochutla ,Oaxaca,202,Tropical subhumid,2017,PP_AP,20.003817204301075,28.17467741935484,45.95483870967742,81.96612903225807,Hybrid,30,1,12.763333333333334,29.773333333333337,0.13,0.4666666666666666,0.2066666666666666,2.0499999999999927,10.86,32,0.2799999999999999,0.18,0.0552335721820577,1.6400000000000103,3,1,0,0,0,0,SRC-CIMMYT-CTRL-SUBHUMID,"Verhulst, N., Burgueño, J., Odjo, S., Rivers, A. (2020). Data for: Hermetic storage technologies reduce maize pest damage in smallholder farming systems in Mexico. Mendeley Data, V1.",https://doi.org/10.17632/fmtgzw5mmp.1,Mexico,"San Pedro Pochutla, Oaxaca",15.744,-96.466,202,Aw,"Beck et al. 2018 Köppen 1 km at site coords (~15.74N, 96.47W); CIMMYT label Tropical subhumid",as reported in CIMMYT Controlled Weight_Loss (%) column (dataset Legend),r2,direct from DataControlled sheet of original XLSX (hdl:11529/10548494 / DOI 10.17632/fmtgzw5mmp.1),26,2
77,4,"San Pedro Pochutla, OAX",San Pedro Pochutla ,Oaxaca,202,Tropical subhumid,2017,PP_AP,20.003817204301075,28.17467741935484,45.95483870967742,81.96612903225807,Hybrid,30,1,12.763333333333334,29.773333333333337,0.13,0.4666666666666666,0.2066666666666666,2.0499999999999927,10.86,32.7,0.32,0.2299999999999999,0.111762846258874,1.929999999999992,3,1,0,1,0,0,SRC-CIMMYT-CTRL-SUBHUMID,"Verhulst, N., Burgueño, J., Odjo, S., Rivers, A. (2020). Data for: Hermetic storage technologies reduce maize pest damage in smallholder farming systems in Mexico. Mendeley Data, V1.",https://doi.org/10.17632/fmtgzw5mmp.1,Mexico,"San Pedro Pochutla, Oaxaca",15.744,-96.466,202,Aw,"Beck et al. 2018 Köppen 1 km at site coords (~15.74N, 96.47W); CIMMYT label Tropical subhumid",as reported in CIMMYT Controlled Weight_Loss (%) column (dataset Legend),r3,direct from DataControlled sheet of original XLSX (hdl:11529/10548494 / DOI 10.17632/fmtgzw5mmp.1),26,2
78,4,"San Pedro Pochutla, OAX",San Pedro Pochutla ,Oaxaca,202,Tropical subhumid,2017,HMS,21.043360215053763,26.8458064516129,60.27123655913978,85.91827956989248,Hybrid,88,3,12.763333333333334,29.773333333333337,0.13,0.4666666666666666,0.2066666666666666,2.0499999999999927,11.97,29.2,0.35,0.32,0.2336270895473013,2.3600000000000074,3,1,0,1,0,0,SRC-CIMMYT-CTRL-SUBHUMID,"Verhulst, N., Burgueño, J., Odjo, S., Rivers, A. (2020). Data for: Hermetic storage technologies reduce maize pest damage in smallholder farming systems in Mexico. Mendeley Data, V1.",https://doi.org/10.17632/fmtgzw5mmp.1,Mexico,"San Pedro Pochutla, Oaxaca",15.744,-96.466,202,Aw,"Beck et al. 2018 Köppen 1 km at site coords (~15.74N, 96.47W); CIMMYT label Tropical subhumid",as reported in CIMMYT Controlled Weight_Loss (%) column (dataset Legend),r1,direct from DataControlled sheet of original XLSX (hdl:11529/10548494 / DOI 10.17632/fmtgzw5mmp.1),27,2
79,4,"San Pedro Pochutla, OAX",San Pedro Pochutla ,Oaxaca,202,Tropical subhumid,2017,HMS,21.043360215053763,26.8458064516129,60.27123655913978,85.91827956989248,Hybrid,88,3,12.763333333333334,29.773333333333337,0.13,0.4666666666666666,0.2066666666666666,2.0499999999999927,11.7,29.6,0.16,0.21,0.1433320744990139,1.7200000000000046,3,1,0,0,1,0,SRC-CIMMYT-CTRL-SUBHUMID,"Verhulst, N., Burgueño, J., Odjo, S., Rivers, A. (2020). Data for: Hermetic storage technologies reduce maize pest damage in smallholder farming systems in Mexico. Mendeley Data, V1.",https://doi.org/10.17632/fmtgzw5mmp.1,Mexico,"San Pedro Pochutla, Oaxaca",15.744,-96.466,202,Aw,"Beck et al. 2018 Köppen 1 km at site coords (~15.74N, 96.47W); CIMMYT label Tropical subhumid",as reported in CIMMYT Controlled Weight_Loss (%) column (dataset Legend),r2,direct from DataControlled sheet of original XLSX (hdl:11529/10548494 / DOI 10.17632/fmtgzw5mmp.1),27,2
80,4,"San Pedro Pochutla, OAX",San Pedro Pochutla ,Oaxaca,202,Tropical subhumid,2017,HMS,21.043360215053763,26.8458064516129,60.27123655913978,85.91827956989248,Hybrid,88,3,12.763333333333334,29.773333333333337,0.13,0.4666666666666666,0.2066666666666666,2.0499999999999927,12.33,29.77,0.27,0.24,0.2672236537937717,1.91,3,1,0,1,1,0,SRC-CIMMYT-CTRL-SUBHUMID,"Verhulst, N., Burgueño, J., Odjo, S., Rivers, A. (2020). Data for: Hermetic storage technologies reduce maize pest damage in smallholder farming systems in Mexico. Mendeley Data, V1.",https://doi.org/10.17632/fmtgzw5mmp.1,Mexico,"San Pedro Pochutla, Oaxaca",15.744,-96.466,202,Aw,"Beck et al. 2018 Köppen 1 km at site coords (~15.74N, 96.47W); CIMMYT label Tropical subhumid",as reported in CIMMYT Controlled Weight_Loss (%) column (dataset Legend),r3,direct from DataControlled sheet of original XLSX (hdl:11529/10548494 / DOI 10.17632/fmtgzw5mmp.1),27,2
81,4,"San Pedro Pochutla, OAX",San Pedro Pochutla ,Oaxaca,202,Tropical subhumid,2017,PP_SL,21.043360215053763,26.8458064516129,60.27123655913978,85.91827956989248,Hybrid,88,3,12.763333333333334,29.773333333333337,0.13,0.4666666666666666,0.2066666666666666,2.0499999999999927,12.23,26.37,0.29,0.19,0.0944358167026876,1.1399999999999948,3,1,0,0,0,0,SRC-CIMMYT-CTRL-SUBHUMID,"Verhulst, N., Burgueño, J., Odjo, S., Rivers, A. (2020). Data for: Hermetic storage technologies reduce maize pest damage in smallholder farming systems in Mexico. Mendeley Data, V1.",https://doi.org/10.17632/fmtgzw5mmp.1,Mexico,"San Pedro Pochutla, Oaxaca",15.744,-96.466,202,Aw,"Beck et al. 2018 Köppen 1 km at site coords (~15.74N, 96.47W); CIMMYT label Tropical subhumid",as reported in CIMMYT Controlled Weight_Loss (%) column (dataset Legend),r1,direct from DataControlled sheet of original XLSX (hdl:11529/10548494 / DOI 10.17632/fmtgzw5mmp.1),28,2
82,4,"San Pedro Pochutla, OAX",San Pedro Pochutla ,Oaxaca,202,Tropical subhumid,2017,PP_SL,21.043360215053763,26.8458064516129,60.27123655913978,85.91827956989248,Hybrid,88,3,12.763333333333334,29.773333333333337,0.13,0.4666666666666666,0.2066666666666666,2.0499999999999927,12.63,25.43,0.5,0.1,0.1628203736253236,1.3999999999999988,3,1,0,3,0,0,SRC-CIMMYT-CTRL-SUBHUMID,"Verhulst, N., Burgueño, J., Odjo, S., Rivers, A. (2020). Data for: Hermetic storage technologies reduce maize pest damage in smallholder farming systems in Mexico. Mendeley Data, V1.",https://doi.org/10.17632/fmtgzw5mmp.1,Mexico,"San Pedro Pochutla, Oaxaca",15.744,-96.466,202,Aw,"Beck et al. 2018 Köppen 1 km at site coords (~15.74N, 96.47W); CIMMYT label Tropical subhumid",as reported in CIMMYT Controlled Weight_Loss (%) column (dataset Legend),r2,direct from DataControlled sheet of original XLSX (hdl:11529/10548494 / DOI 10.17632/fmtgzw5mmp.1),28,2
83,4,"San Pedro Pochutla, OAX",San Pedro Pochutla ,Oaxaca,202,Tropical subhumid,2017,PP_SL,21.043360215053763,26.8458064516129,60.27123655913978,85.91827956989248,Hybrid,88,3,12.763333333333334,29.773333333333337,0.13,0.4666666666666666,0.2066666666666666,2.0499999999999927,12,25.7,0.4499999999999999,0.2,0.1764562943118426,2.2500000000000044,3,1,0,0,0,0,SRC-CIMMYT-CTRL-SUBHUMID,"Verhulst, N., Burgueño, J., Odjo, S., Rivers, A. (2020). Data for: Hermetic storage technologies reduce maize pest damage in smallholder farming systems in Mexico. Mendeley Data, V1.",https://doi.org/10.17632/fmtgzw5mmp.1,Mexico,"San Pedro Pochutla, Oaxaca",15.744,-96.466,202,Aw,"Beck et al. 2018 Köppen 1 km at site coords (~15.74N, 96.47W); CIMMYT label Tropical subhumid",as reported in CIMMYT Controlled Weight_Loss (%) column (dataset Legend),r3,direct from DataControlled sheet of original XLSX (hdl:11529/10548494 / DOI 10.17632/fmtgzw5mmp.1),28,2
84,4,"San Pedro Pochutla, OAX",San Pedro Pochutla ,Oaxaca,202,Tropical subhumid,2017,HBT,21.043360215053763,26.8458064516129,60.27123655913978,85.91827956989248,Hybrid,88,3,12.763333333333334,29.773333333333337,0.13,0.4666666666666666,0.2066666666666666,2.0499999999999927,11.3,30.5,0.19,0.3,0.0756497871616274,1.5300000000000018,3,1,0,0,0,0,SRC-CIMMYT-CTRL-SUBHUMID,"Verhulst, N., Burgueño, J., Odjo, S., Rivers, A. (2020). Data for: Hermetic storage technologies reduce maize pest damage in smallholder farming systems in Mexico. Mendeley Data, V1.",https://doi.org/10.17632/fmtgzw5mmp.1,Mexico,"San Pedro Pochutla, Oaxaca",15.744,-96.466,202,Aw,"Beck et al. 2018 Köppen 1 km at site coords (~15.74N, 96.47W); CIMMYT label Tropical subhumid",as reported in CIMMYT Controlled Weight_Loss (%) column (dataset Legend),r1,direct from DataControlled sheet of original XLSX (hdl:11529/10548494 / DOI 10.17632/fmtgzw5mmp.1),29,2
85,4,"San Pedro Pochutla, OAX",San Pedro Pochutla ,Oaxaca,202,Tropical subhumid,2017,HBT,21.043360215053763,26.8458064516129,60.27123655913978,85.91827956989248,Hybrid,88,3,12.763333333333334,29.773333333333337,0.13,0.4666666666666666,0.2066666666666666,2.0499999999999927,11.6,30.4,0.27,0.13,0.0677040321054511,1.6199999999999948,3,1,0,0,0,0,SRC-CIMMYT-CTRL-SUBHUMID,"Verhulst, N., Burgueño, J., Odjo, S., Rivers, A. (2020). Data for: Hermetic storage technologies reduce maize pest damage in smallholder farming systems in Mexico. Mendeley Data, V1.",https://doi.org/10.17632/fmtgzw5mmp.1,Mexico,"San Pedro Pochutla, Oaxaca",15.744,-96.466,202,Aw,"Beck et al. 2018 Köppen 1 km at site coords (~15.74N, 96.47W); CIMMYT label Tropical subhumid",as reported in CIMMYT Controlled Weight_Loss (%) column (dataset Legend),r2,direct from DataControlled sheet of original XLSX (hdl:11529/10548494 / DOI 10.17632/fmtgzw5mmp.1),29,2
86,4,"San Pedro Pochutla, OAX",San Pedro Pochutla ,Oaxaca,202,Tropical subhumid,2017,HBT,21.043360215053763,26.8458064516129,60.27123655913978,85.91827956989248,Hybrid,88,3,12.763333333333334,29.773333333333337,0.13,0.4666666666666666,0.2066666666666666,2.0499999999999927,12.4,30.2,0.26,0.18,0.0779182677568151,1.6800000000000057,3,1,0,0,0,0,SRC-CIMMYT-CTRL-SUBHUMID,"Verhulst, N., Burgueño, J., Odjo, S., Rivers, A. (2020). Data for: Hermetic storage technologies reduce maize pest damage in smallholder farming systems in Mexico. Mendeley Data, V1.",https://doi.org/10.17632/fmtgzw5mmp.1,Mexico,"San Pedro Pochutla, Oaxaca",15.744,-96.466,202,Aw,"Beck et al. 2018 Köppen 1 km at site coords (~15.74N, 96.47W); CIMMYT label Tropical subhumid",as reported in CIMMYT Controlled Weight_Loss (%) column (dataset Legend),r3,direct from DataControlled sheet of original XLSX (hdl:11529/10548494 / DOI 10.17632/fmtgzw5mmp.1),29,2
87,4,"San Pedro Pochutla, OAX",San Pedro Pochutla ,Oaxaca,202,Tropical subhumid,2017,PP_AP,21.043360215053763,26.8458064516129,60.27123655913978,85.91827956989248,Hybrid,88,3,12.763333333333334,29.773333333333337,0.13,0.4666666666666666,0.2066666666666666,2.0499999999999927,11.2,31,0.4599999999999999,0.21,0.042372529307666,2.1999999999999966,3,1,0,8,2,0,SRC-CIMMYT-CTRL-SUBHUMID,"Verhulst, N., Burgueño, J., Odjo, S., Rivers, A. (2020). Data for: Hermetic storage technologies reduce maize pest damage in smallholder farming systems in Mexico. Mendeley Data, V1.",https://doi.org/10.17632/fmtgzw5mmp.1,Mexico,"San Pedro Pochutla, Oaxaca",15.744,-96.466,202,Aw,"Beck et al. 2018 Köppen 1 km at site coords (~15.74N, 96.47W); CIMMYT label Tropical subhumid",as reported in CIMMYT Controlled Weight_Loss (%) column (dataset Legend),r1,direct from DataControlled sheet of original XLSX (hdl:11529/10548494 / DOI 10.17632/fmtgzw5mmp.1),30,2
88,4,"San Pedro Pochutla, OAX",San Pedro Pochutla ,Oaxaca,202,Tropical subhumid,2017,PP_AP,21.043360215053763,26.8458064516129,60.27123655913978,85.91827956989248,Hybrid,88,3,12.763333333333334,29.773333333333337,0.13,0.4666666666666666,0.2066666666666666,2.0499999999999927,11.5,31.1,0.8199999999999998,0.27,0.0407161203207178,2.840000000000001,3,1,0,6,0,0,SRC-CIMMYT-CTRL-SUBHUMID,"Verhulst, N., Burgueño, J., Odjo, S., Rivers, A. (2020). Data for: Hermetic storage technologies reduce maize pest damage in smallholder farming systems in Mexico. Mendeley Data, V1.",https://doi.org/10.17632/fmtgzw5mmp.1,Mexico,"San Pedro Pochutla, Oaxaca",15.744,-96.466,202,Aw,"Beck et al. 2018 Köppen 1 km at site coords (~15.74N, 96.47W); CIMMYT label Tropical subhumid",as reported in CIMMYT Controlled Weight_Loss (%) column (dataset Legend),r2,direct from DataControlled sheet of original XLSX (hdl:11529/10548494 / DOI 10.17632/fmtgzw5mmp.1),30,2
89,4,"San Pedro Pochutla, OAX",San Pedro Pochutla ,Oaxaca,202,Tropical subhumid,2017,PP_AP,21.043360215053763,26.8458064516129,60.27123655913978,85.91827956989248,Hybrid,88,3,12.763333333333334,29.773333333333337,0.13,0.4666666666666666,0.2066666666666666,2.0499999999999927,11.6,31.1,0.32,0.2299999999999999,0.111762846258874,1.929999999999992,3,1,0,9,2,0,SRC-CIMMYT-CTRL-SUBHUMID,"Verhulst, N., Burgueño, J., Odjo, S., Rivers, A. (2020). Data for: Hermetic storage technologies reduce maize pest damage in smallholder farming systems in Mexico. Mendeley Data, V1.",https://doi.org/10.17632/fmtgzw5mmp.1,Mexico,"San Pedro Pochutla, Oaxaca",15.744,-96.466,202,Aw,"Beck et al. 2018 Köppen 1 km at site coords (~15.74N, 96.47W); CIMMYT label Tropical subhumid",as reported in CIMMYT Controlled Weight_Loss (%) column (dataset Legend),r3,direct from DataControlled sheet of original XLSX (hdl:11529/10548494 / DOI 10.17632/fmtgzw5mmp.1),30,2
90,4,"San Pedro Pochutla, OAX",San Pedro Pochutla ,Oaxaca,202,Tropical subhumid,2017,HMS,21.347557603686635,26.60772657450077,63.74823348694317,87.21751152073735,Hybrid,180,6,12.763333333333334,29.773333333333337,0.13,0.4666666666666666,0.2066666666666666,2.0499999999999927,12.7,27.33,0.2595846645367412,0.1996805111821086,0.0890328134484858,1.976837060702876,3,1,0,1,0,0,SRC-CIMMYT-CTRL-SUBHUMID,"Verhulst, N., Burgueño, J., Odjo, S., Rivers, A. (2020). Data for: Hermetic storage technologies reduce maize pest damage in smallholder farming systems in Mexico. Mendeley Data, V1.",https://doi.org/10.17632/fmtgzw5mmp.1,Mexico,"San Pedro Pochutla, Oaxaca",15.744,-96.466,202,Aw,"Beck et al. 2018 Köppen 1 km at site coords (~15.74N, 96.47W); CIMMYT label Tropical subhumid",as reported in CIMMYT Controlled Weight_Loss (%) column (dataset Legend),r1,direct from DataControlled sheet of original XLSX (hdl:11529/10548494 / DOI 10.17632/fmtgzw5mmp.1),31,2
91,4,"San Pedro Pochutla, OAX",San Pedro Pochutla ,Oaxaca,202,Tropical subhumid,2017,HMS,21.347557603686635,26.60772657450077,63.74823348694317,87.21751152073735,Hybrid,180,6,12.763333333333334,29.773333333333337,0.13,0.4666666666666666,0.2066666666666666,2.0499999999999927,12.17,27.7,0.4798080767692922,0.1499400239904038,0.2642151860841826,1.7792882846861284,3,1,0,2,0,0,SRC-CIMMYT-CTRL-SUBHUMID,"Verhulst, N., Burgueño, J., Odjo, S., Rivers, A. (2020). Data for: Hermetic storage technologies reduce maize pest damage in smallholder farming systems in Mexico. Mendeley Data, V1.",https://doi.org/10.17632/fmtgzw5mmp.1,Mexico,"San Pedro Pochutla, Oaxaca",15.744,-96.466,202,Aw,"Beck et al. 2018 Köppen 1 km at site coords (~15.74N, 96.47W); CIMMYT label Tropical subhumid",as reported in CIMMYT Controlled Weight_Loss (%) column (dataset Legend),r2,direct from DataControlled sheet of original XLSX (hdl:11529/10548494 / DOI 10.17632/fmtgzw5mmp.1),31,2
92,4,"San Pedro Pochutla, OAX",San Pedro Pochutla ,Oaxaca,202,Tropical subhumid,2017,HMS,21.347557603686635,26.60772657450077,63.74823348694317,87.21751152073735,Hybrid,180,6,12.763333333333334,29.773333333333337,0.13,0.4666666666666666,0.2066666666666666,2.0499999999999927,13,28.97,0.7000000000000001,0.2,0.2764125079265599,1.859999999999987,3,1,0,1,0,0,SRC-CIMMYT-CTRL-SUBHUMID,"Verhulst, N., Burgueño, J., Odjo, S., Rivers, A. (2020). Data for: Hermetic storage technologies reduce maize pest damage in smallholder farming systems in Mexico. Mendeley Data, V1.",https://doi.org/10.17632/fmtgzw5mmp.1,Mexico,"San Pedro Pochutla, Oaxaca",15.744,-96.466,202,Aw,"Beck et al. 2018 Köppen 1 km at site coords (~15.74N, 96.47W); CIMMYT label Tropical subhumid",as reported in CIMMYT Controlled Weight_Loss (%) column (dataset Legend),r3,direct from DataControlled sheet of original XLSX (hdl:11529/10548494 / DOI 10.17632/fmtgzw5mmp.1),31,2
93,4,"San Pedro Pochutla, OAX",San Pedro Pochutla ,Oaxaca,202,Tropical subhumid,2017,PP_SL,21.347557603686635,26.60772657450077,63.74823348694317,87.21751152073735,Hybrid,180,6,12.763333333333334,29.773333333333337,0.13,0.4666666666666666,0.2066666666666666,2.0499999999999927,9.2,25.77,0.7000000000000001,0.4,0.167870759486398,2.660000000000011,3,1,0,0,1,0,SRC-CIMMYT-CTRL-SUBHUMID,"Verhulst, N., Burgueño, J., Odjo, S., Rivers, A. (2020). Data for: Hermetic storage technologies reduce maize pest damage in smallholder farming systems in Mexico. Mendeley Data, V1.",https://doi.org/10.17632/fmtgzw5mmp.1,Mexico,"San Pedro Pochutla, Oaxaca",15.744,-96.466,202,Aw,"Beck et al. 2018 Köppen 1 km at site coords (~15.74N, 96.47W); CIMMYT label Tropical subhumid",as reported in CIMMYT Controlled Weight_Loss (%) column (dataset Legend),r1,direct from DataControlled sheet of original XLSX (hdl:11529/10548494 / DOI 10.17632/fmtgzw5mmp.1),32,2
94,4,"San Pedro Pochutla, OAX",San Pedro Pochutla ,Oaxaca,202,Tropical subhumid,2017,PP_SL,21.347557603686635,26.60772657450077,63.74823348694317,87.21751152073735,Hybrid,180,6,12.763333333333334,29.773333333333337,0.13,0.4666666666666666,0.2066666666666666,2.0499999999999927,9.7,26.1,0.3591022443890274,0.399002493765586,0.0729390489821574,2.354114713216968,3,1,0,0,0,0,SRC-CIMMYT-CTRL-SUBHUMID,"Verhulst, N., Burgueño, J., Odjo, S., Rivers, A. (2020). Data for: Hermetic storage technologies reduce maize pest damage in smallholder farming systems in Mexico. Mendeley Data, V1.",https://doi.org/10.17632/fmtgzw5mmp.1,Mexico,"San Pedro Pochutla, Oaxaca",15.744,-96.466,202,Aw,"Beck et al. 2018 Köppen 1 km at site coords (~15.74N, 96.47W); CIMMYT label Tropical subhumid",as reported in CIMMYT Controlled Weight_Loss (%) column (dataset Legend),r2,direct from DataControlled sheet of original XLSX (hdl:11529/10548494 / DOI 10.17632/fmtgzw5mmp.1),32,2
95,4,"San Pedro Pochutla, OAX",San Pedro Pochutla ,Oaxaca,202,Tropical subhumid,2017,PP_SL,21.347557603686635,26.60772657450077,63.74823348694317,87.21751152073735,Hybrid,180,6,12.763333333333334,29.773333333333337,0.13,0.4666666666666666,0.2066666666666666,2.0499999999999927,9.8,26.5,1.1387473778843271,0.2197582659075017,0.2567962210336676,3.4561981819998104,3,1,0,0,0,0,SRC-CIMMYT-CTRL-SUBHUMID,"Verhulst, N., Burgueño, J., Odjo, S., Rivers, A. (2020). Data for: Hermetic storage technologies reduce maize pest damage in smallholder farming systems in Mexico. Mendeley Data, V1.",https://doi.org/10.17632/fmtgzw5mmp.1,Mexico,"San Pedro Pochutla, Oaxaca",15.744,-96.466,202,Aw,"Beck et al. 2018 Köppen 1 km at site coords (~15.74N, 96.47W); CIMMYT label Tropical subhumid",as reported in CIMMYT Controlled Weight_Loss (%) column (dataset Legend),r3,direct from DataControlled sheet of original XLSX (hdl:11529/10548494 / DOI 10.17632/fmtgzw5mmp.1),32,2
96,4,"San Pedro Pochutla, OAX",San Pedro Pochutla ,Oaxaca,202,Tropical subhumid,2017,HBT,21.347557603686635,26.60772657450077,63.74823348694317,87.21751152073735,Hybrid,180,6,12.763333333333334,29.773333333333337,0.13,0.4666666666666666,0.2066666666666666,2.0499999999999927,8.9,26.13,0.5,0.18,0.2498848086107482,2.179999999999998,3,1,0,0,0,0,SRC-CIMMYT-CTRL-SUBHUMID,"Verhulst, N., Burgueño, J., Odjo, S., Rivers, A. (2020). Data for: Hermetic storage technologies reduce maize pest damage in smallholder farming systems in Mexico. Mendeley Data, V1.",https://doi.org/10.17632/fmtgzw5mmp.1,Mexico,"San Pedro Pochutla, Oaxaca",15.744,-96.466,202,Aw,"Beck et al. 2018 Köppen 1 km at site coords (~15.74N, 96.47W); CIMMYT label Tropical subhumid",as reported in CIMMYT Controlled Weight_Loss (%) column (dataset Legend),r1,direct from DataControlled sheet of original XLSX (hdl:11529/10548494 / DOI 10.17632/fmtgzw5mmp.1),33,2
97,4,"San Pedro Pochutla, OAX",San Pedro Pochutla ,Oaxaca,202,Tropical subhumid,2017,HBT,21.347557603686635,26.60772657450077,63.74823348694317,87.21751152073735,Hybrid,180,6,12.763333333333334,29.773333333333337,0.13,0.4666666666666666,0.2066666666666666,2.0499999999999927,9.07,27,0.5,0.18,0.4201920306096312,2.220000000000005,3,1,0,0,0,0,SRC-CIMMYT-CTRL-SUBHUMID,"Verhulst, N., Burgueño, J., Odjo, S., Rivers, A. (2020). Data for: Hermetic storage technologies reduce maize pest damage in smallholder farming systems in Mexico. Mendeley Data, V1.",https://doi.org/10.17632/fmtgzw5mmp.1,Mexico,"San Pedro Pochutla, Oaxaca",15.744,-96.466,202,Aw,"Beck et al. 2018 Köppen 1 km at site coords (~15.74N, 96.47W); CIMMYT label Tropical subhumid",as reported in CIMMYT Controlled Weight_Loss (%) column (dataset Legend),r2,direct from DataControlled sheet of original XLSX (hdl:11529/10548494 / DOI 10.17632/fmtgzw5mmp.1),33,2
98,4,"San Pedro Pochutla, OAX",San Pedro Pochutla ,Oaxaca,202,Tropical subhumid,2017,HBT,21.347557603686635,26.60772657450077,63.74823348694317,87.21751152073735,Hybrid,180,6,12.763333333333334,29.773333333333337,0.13,0.4666666666666666,0.2066666666666666,2.0499999999999927,9.07,27.4,0.5,0.22,0.2491902787752008,1.9799999999999929,3,1,0,0,0,0,SRC-CIMMYT-CTRL-SUBHUMID,"Verhulst, N., Burgueño, J., Odjo, S., Rivers, A. (2020). Data for: Hermetic storage technologies reduce maize pest damage in smallholder farming systems in Mexico. Mendeley Data, V1.",https://doi.org/10.17632/fmtgzw5mmp.1,Mexico,"San Pedro Pochutla, Oaxaca",15.744,-96.466,202,Aw,"Beck et al. 2018 Köppen 1 km at site coords (~15.74N, 96.47W); CIMMYT label Tropical subhumid",as reported in CIMMYT Controlled Weight_Loss (%) column (dataset Legend),r3,direct from DataControlled sheet of original XLSX (hdl:11529/10548494 / DOI 10.17632/fmtgzw5mmp.1),33,2
99,4,"San Pedro Pochutla, OAX",San Pedro Pochutla ,Oaxaca,202,Tropical subhumid,2017,PP_AP,21.347557603686635,26.60772657450077,63.74823348694317,87.21751152073735,Hybrid,180,6,12.763333333333334,29.773333333333337,0.13,0.4666666666666666,0.2066666666666666,2.0499999999999927,10.27,27.07,12.084290422450817,3.036053130929792,4.220545914474856,16.348746629381797,3,1,0,50,2,0,SRC-CIMMYT-CTRL-SUBHUMID,"Verhulst, N., Burgueño, J., Odjo, S., Rivers, A. (2020). Data for: Hermetic storage technologies reduce maize pest damage in smallholder farming systems in Mexico. Mendeley Data, V1.",https://doi.org/10.17632/fmtgzw5mmp.1,Mexico,"San Pedro Pochutla, Oaxaca",15.744,-96.466,202,Aw,"Beck et al. 2018 Köppen 1 km at site coords (~15.74N, 96.47W); CIMMYT label Tropical subhumid",as reported in CIMMYT Controlled Weight_Loss (%) column (dataset Legend),r1,direct from DataControlled sheet of original XLSX (hdl:11529/10548494 / DOI 10.17632/fmtgzw5mmp.1),34,2
100,4,"San Pedro Pochutla, OAX",San Pedro Pochutla ,Oaxaca,202,Tropical subhumid,2017,PP_AP,21.347557603686635,26.60772657450077,63.74823348694317,87.21751152073735,Hybrid,180,6,12.763333333333334,29.773333333333337,0.13,0.4666666666666666,0.2066666666666666,2.0499999999999927,11.13,27.67,19.96,0.6,6.971207535397267,21.57999999999999,3,1,0,130,5,0,SRC-CIMMYT-CTRL-SUBHUMID,"Verhulst, N., Burgueño, J., Odjo, S., Rivers, A. (2020). Data for: Hermetic storage technologies reduce maize pest damage in smallholder farming systems in Mexico. Mendeley Data, V1.",https://doi.org/10.17632/fmtgzw5mmp.1,Mexico,"San Pedro Pochutla, Oaxaca",15.744,-96.466,202,Aw,"Beck et al. 2018 Köppen 1 km at site coords (~15.74N, 96.47W); CIMMYT label Tropical subhumid",as reported in CIMMYT Controlled Weight_Loss (%) column (dataset Legend),r2,direct from DataControlled sheet of original XLSX (hdl:11529/10548494 / DOI 10.17632/fmtgzw5mmp.1),34,2
101,4,"San Pedro Pochutla, OAX",San Pedro Pochutla ,Oaxaca,202,Tropical subhumid,2017,PP_AP,21.347557603686635,26.60772657450077,63.74823348694317,87.21751152073735,Hybrid,180,6,12.763333333333334,29.773333333333337,0.13,0.4666666666666666,0.2066666666666666,2.0499999999999927,10.77,28.8,14.34,0.18,5.008372547975792,15.299999999999992,3,1,0,238,0,0,SRC-CIMMYT-CTRL-SUBHUMID,"Verhulst, N., Burgueño, J., Odjo, S., Rivers, A. (2020). Data for: Hermetic storage technologies reduce maize pest damage in smallholder farming systems in Mexico. Mendeley Data, V1.",https://doi.org/10.17632/fmtgzw5mmp.1,Mexico,"San Pedro Pochutla, Oaxaca",15.744,-96.466,202,Aw,"Beck et al. 2018 Köppen 1 km at site coords (~15.74N, 96.47W); CIMMYT label Tropical subhumid",as reported in CIMMYT Controlled Weight_Loss (%) column (dataset Legend),r3,direct from DataControlled sheet of original XLSX (hdl:11529/10548494 / DOI 10.17632/fmtgzw5mmp.1),34,2
102,6,"Peto, YUC",Peto,Yucatán,36,Tropical subhumid,2017,PP,21.72307795698925,34.39971486175115,40.94254032258064,96.10658602150538,Hybrid,203,6,13.3,30.0,1.1302384160920438,1.599168796663242,1.9268456782924464,4.556170714168656,14.6,ND,24.447776111944027,3.138430784607696,5.631696449708231,28.005997001499253,6,0,0,0,0,0,SRC-CIMMYT-CTRL-SUBHUMID,"Verhulst, N., Burgueño, J., Odjo, S., Rivers, A. (2020). Data for: Hermetic storage technologies reduce maize pest damage in smallholder farming systems in Mexico. Mendeley Data, V1.",https://doi.org/10.17632/fmtgzw5mmp.1,Mexico,"Peto, Yucatán",20.125,-88.922,36,Aw,"Beck et al. 2018 Köppen 1 km at site coords (~20.13N, 88.92W); CIMMYT label Tropical subhumid",as reported in CIMMYT Controlled Weight_Loss (%) column (dataset Legend),r1,direct from DataControlled sheet of original XLSX (hdl:11529/10548494 / DOI 10.17632/fmtgzw5mmp.1),35,3
103,6,"Peto, YUC",Peto,Yucatán,36,Tropical subhumid,2017,PP,21.72307795698925,34.39971486175115,40.94254032258064,96.10658602150538,Hybrid,203,6,13.3,30.0,1.1302384160920438,1.599168796663242,1.9268456782924464,4.556170714168656,14.3,ND,13.57592722183345,3.229031290612816,3.127298809781894,17.284814555633304,6,0,0,0,1,0,SRC-CIMMYT-CTRL-SUBHUMID,"Verhulst, N., Burgueño, J., Odjo, S., Rivers, A. (2020). Data for: Hermetic storage technologies reduce maize pest damage in smallholder farming systems in Mexico. Mendeley Data, V1.",https://doi.org/10.17632/fmtgzw5mmp.1,Mexico,"Peto, Yucatán",20.125,-88.922,36,Aw,"Beck et al. 2018 Köppen 1 km at site coords (~20.13N, 88.92W); CIMMYT label Tropical subhumid",as reported in CIMMYT Controlled Weight_Loss (%) column (dataset Legend),r2,direct from DataControlled sheet of original XLSX (hdl:11529/10548494 / DOI 10.17632/fmtgzw5mmp.1),35,3
104,6,"Peto, YUC",Peto,Yucatán,36,Tropical subhumid,2017,PP,21.72307795698925,34.39971486175115,40.94254032258064,96.10658602150538,Hybrid,203,6,13.3,30.0,1.1302384160920438,1.599168796663242,1.9268456782924464,4.556170714168656,14.7,ND,21.94122351059576,3.028788484606157,5.0542965536447415,25.44982007197121,6,0,0,4,5,0,SRC-CIMMYT-CTRL-SUBHUMID,"Verhulst, N., Burgueño, J., Odjo, S., Rivers, A. (2020). Data for: Hermetic storage technologies reduce maize pest damage in smallholder farming systems in Mexico. Mendeley Data, V1.",https://doi.org/10.17632/fmtgzw5mmp.1,Mexico,"Peto, Yucatán",20.125,-88.922,36,Aw,"Beck et al. 2018 Köppen 1 km at site coords (~20.13N, 88.92W); CIMMYT label Tropical subhumid",as reported in CIMMYT Controlled Weight_Loss (%) column (dataset Legend),r3,direct from DataControlled sheet of original XLSX (hdl:11529/10548494 / DOI 10.17632/fmtgzw5mmp.1),35,3
105,6,"Peto, YUC",Peto,Yucatán,36,Tropical subhumid,2017,PP_ML,21.72307795698925,34.39971486175115,40.94254032258064,96.10658602150538,Hybrid,203,6,13.3,30.0,1.1302384160920438,1.599168796663242,1.9268456782924464,4.556170714168656,11.3,ND,4.198740377886634,3.838848345496351,0.9672058174583176,8.657402779166238,6,0,0,0,0,0,SRC-CIMMYT-CTRL-SUBHUMID,"Verhulst, N., Burgueño, J., Odjo, S., Rivers, A. (2020). Data for: Hermetic storage technologies reduce maize pest damage in smallholder farming systems in Mexico. Mendeley Data, V1.",https://doi.org/10.17632/fmtgzw5mmp.1,Mexico,"Peto, Yucatán",20.125,-88.922,36,Aw,"Beck et al. 2018 Köppen 1 km at site coords (~20.13N, 88.92W); CIMMYT label Tropical subhumid",as reported in CIMMYT Controlled Weight_Loss (%) column (dataset Legend),r1,direct from DataControlled sheet of original XLSX (hdl:11529/10548494 / DOI 10.17632/fmtgzw5mmp.1),36,3
106,6,"Peto, YUC",Peto,Yucatán,36,Tropical subhumid,2017,PP_ML,21.72307795698925,34.39971486175115,40.94254032258064,96.10658602150538,Hybrid,203,6,13.3,30.0,1.1302384160920438,1.599168796663242,1.9268456782924464,4.556170714168656,11.4,ND,3.159368126374725,3.939212157568486,0.6867126251587978,7.798440311937626,6,0,0,0,2,0,SRC-CIMMYT-CTRL-SUBHUMID,"Verhulst, N., Burgueño, J., Odjo, S., Rivers, A. (2020). Data for: Hermetic storage technologies reduce maize pest damage in smallholder farming systems in Mexico. Mendeley Data, V1.",https://doi.org/10.17632/fmtgzw5mmp.1,Mexico,"Peto, Yucatán",20.125,-88.922,36,Aw,"Beck et al. 2018 Köppen 1 km at site coords (~20.13N, 88.92W); CIMMYT label Tropical subhumid",as reported in CIMMYT Controlled Weight_Loss (%) column (dataset Legend),r2,direct from DataControlled sheet of original XLSX (hdl:11529/10548494 / DOI 10.17632/fmtgzw5mmp.1),36,3
107,6,"Peto, YUC",Peto,Yucatán,36,Tropical subhumid,2017,PP_ML,21.72307795698925,34.39971486175115,40.94254032258064,96.10658602150538,Hybrid,203,6,13.3,30.0,1.1302384160920438,1.599168796663242,1.9268456782924464,4.556170714168656,10.5,ND,1.2689848121502798,3.507194244604317,0.1991012016160177,5.425659472422064,6,0,0,0,1,0,SRC-CIMMYT-CTRL-SUBHUMID,"Verhulst, N., Burgueño, J., Odjo, S., Rivers, A. (2020). Data for: Hermetic storage technologies reduce maize pest damage in smallholder farming systems in Mexico. Mendeley Data, V1.",https://doi.org/10.17632/fmtgzw5mmp.1,Mexico,"Peto, Yucatán",20.125,-88.922,36,Aw,"Beck et al. 2018 Köppen 1 km at site coords (~20.13N, 88.92W); CIMMYT label Tropical subhumid",as reported in CIMMYT Controlled Weight_Loss (%) column (dataset Legend),r3,direct from DataControlled sheet of original XLSX (hdl:11529/10548494 / DOI 10.17632/fmtgzw5mmp.1),36,3
108,6,"Peto, YUC",Peto,Yucatán,36,Tropical subhumid,2017,HBZ,21.72307795698925,34.39971486175115,40.94254032258064,96.10658602150538,Hybrid,203,6,13.3,30.0,1.1302384160920438,1.599168796663242,1.9268456782924464,4.556170714168656,13.3,ND,0.8094333966223644,3.5774957529729186,0.5563546820812034,5.2663135804936605,6,0,0,0,0,0,SRC-CIMMYT-CTRL-SUBHUMID,"Verhulst, N., Burgueño, J., Odjo, S., Rivers, A. (2020). Data for: Hermetic storage technologies reduce maize pest damage in smallholder farming systems in Mexico. Mendeley Data, V1.",https://doi.org/10.17632/fmtgzw5mmp.1,Mexico,"Peto, Yucatán",20.125,-88.922,36,Aw,"Beck et al. 2018 Köppen 1 km at site coords (~20.13N, 88.92W); CIMMYT label Tropical subhumid",as reported in CIMMYT Controlled Weight_Loss (%) column (dataset Legend),r1,direct from DataControlled sheet of original XLSX (hdl:11529/10548494 / DOI 10.17632/fmtgzw5mmp.1),37,3
109,6,"Peto, YUC",Peto,Yucatán,36,Tropical subhumid,2017,HBZ,21.72307795698925,34.39971486175115,40.94254032258064,96.10658602150538,Hybrid,203,6,13.3,30.0,1.1302384160920438,1.599168796663242,1.9268456782924464,4.556170714168656,13.3,ND,0.27,3.12,0.1855813767862201,4.240000000000003,6,0,0,0,0,0,SRC-CIMMYT-CTRL-SUBHUMID,"Verhulst, N., Burgueño, J., Odjo, S., Rivers, A. (2020). Data for: Hermetic storage technologies reduce maize pest damage in smallholder farming systems in Mexico. Mendeley Data, V1.",https://doi.org/10.17632/fmtgzw5mmp.1,Mexico,"Peto, Yucatán",20.125,-88.922,36,Aw,"Beck et al. 2018 Köppen 1 km at site coords (~20.13N, 88.92W); CIMMYT label Tropical subhumid",as reported in CIMMYT Controlled Weight_Loss (%) column (dataset Legend),r2,direct from DataControlled sheet of original XLSX (hdl:11529/10548494 / DOI 10.17632/fmtgzw5mmp.1),37,3
110,6,"Peto, YUC",Peto,Yucatán,36,Tropical subhumid,2017,HBZ,21.72307795698925,34.39971486175115,40.94254032258064,96.10658602150538,Hybrid,203,6,13.3,30.0,1.1302384160920438,1.599168796663242,1.9268456782924464,4.556170714168656,13.7,ND,0.3398300849575212,4.177911044477761,0.1231963946976854,5.117441279360326,6,0,0,0,0,0,SRC-CIMMYT-CTRL-SUBHUMID,"Verhulst, N., Burgueño, J., Odjo, S., Rivers, A. (2020). Data for: Hermetic storage technologies reduce maize pest damage in smallholder farming systems in Mexico. Mendeley Data, V1.",https://doi.org/10.17632/fmtgzw5mmp.1,Mexico,"Peto, Yucatán",20.125,-88.922,36,Aw,"Beck et al. 2018 Köppen 1 km at site coords (~20.13N, 88.92W); CIMMYT label Tropical subhumid",as reported in CIMMYT Controlled Weight_Loss (%) column (dataset Legend),r3,direct from DataControlled sheet of original XLSX (hdl:11529/10548494 / DOI 10.17632/fmtgzw5mmp.1),37,3
111,6,"Peto, YUC",Peto,Yucatán,36,Tropical subhumid,2017,HMS,21.72307795698925,34.39971486175115,40.94254032258064,96.10658602150538,Hybrid,203,6,13.3,30.0,1.1302384160920438,1.599168796663242,1.9268456782924464,4.556170714168656,ND,ND,0.795443189767163,1.66183671429999,0.19534924017627,3.0798441091236275,6,0,0,1,0,0,SRC-CIMMYT-CTRL-SUBHUMID,"Verhulst, N., Burgueño, J., Odjo, S., Rivers, A. (2020). Data for: Hermetic storage technologies reduce maize pest damage in smallholder farming systems in Mexico. Mendeley Data, V1.",https://doi.org/10.17632/fmtgzw5mmp.1,Mexico,"Peto, Yucatán",20.125,-88.922,36,Aw,"Beck et al. 2018 Köppen 1 km at site coords (~20.13N, 88.92W); CIMMYT label Tropical subhumid",as reported in CIMMYT Controlled Weight_Loss (%) column (dataset Legend),r1,direct from DataControlled sheet of original XLSX (hdl:11529/10548494 / DOI 10.17632/fmtgzw5mmp.1),38,3
112,6,"Peto, YUC",Peto,Yucatán,36,Tropical subhumid,2017,HMS,21.72307795698925,34.39971486175115,40.94254032258064,96.10658602150538,Hybrid,203,6,13.3,30.0,1.1302384160920438,1.599168796663242,1.9268456782924464,4.556170714168656,13,ND,0.8396641343462616,2.72890843662535,0.2435352670605247,4.348260695721712,6,0,0,0,0,0,SRC-CIMMYT-CTRL-SUBHUMID,"Verhulst, N., Burgueño, J., Odjo, S., Rivers, A. (2020). Data for: Hermetic storage technologies reduce maize pest damage in smallholder farming systems in Mexico. Mendeley Data, V1.",https://doi.org/10.17632/fmtgzw5mmp.1,Mexico,"Peto, Yucatán",20.125,-88.922,36,Aw,"Beck et al. 2018 Köppen 1 km at site coords (~20.13N, 88.92W); CIMMYT label Tropical subhumid",as reported in CIMMYT Controlled Weight_Loss (%) column (dataset Legend),r2,direct from DataControlled sheet of original XLSX (hdl:11529/10548494 / DOI 10.17632/fmtgzw5mmp.1),38,3
113,6,"Peto, YUC",Peto,Yucatán,36,Tropical subhumid,2017,HMS,21.72307795698925,34.39971486175115,40.94254032258064,96.10658602150538,Hybrid,203,6,13.3,30.0,1.1302384160920438,1.599168796663242,1.9268456782924464,4.556170714168656,10.5,ND,1.0393763741754949,3.4379372376574056,0.2178981275032059,5.316809914051563,6,0,0,0,0,0,SRC-CIMMYT-CTRL-SUBHUMID,"Verhulst, N., Burgueño, J., Odjo, S., Rivers, A. (2020). Data for: Hermetic storage technologies reduce maize pest damage in smallholder farming systems in Mexico. Mendeley Data, V1.",https://doi.org/10.17632/fmtgzw5mmp.1,Mexico,"Peto, Yucatán",20.125,-88.922,36,Aw,"Beck et al. 2018 Köppen 1 km at site coords (~20.13N, 88.92W); CIMMYT label Tropical subhumid",as reported in CIMMYT Controlled Weight_Loss (%) column (dataset Legend),r3,direct from DataControlled sheet of original XLSX (hdl:11529/10548494 / DOI 10.17632/fmtgzw5mmp.1),38,3
114,10,"San Pedro Pochutla, OAX",San Pedro Pochutla ,Oaxaca,183,Tropical subhumid,2018,PBO,21.73870967741936,27.329166666666666,59.06155913978495,86.3739247311828,Hybrid,91,3,12.643333333333333,29.14333333333333,0.1,1.16,0.4666666666666666,3.2066666666666577,13.2,26.2,1.0782747603833869,5.710862619808307,0.4754563894523326,15.133785942492006,3,1,0,0,0,0,SRC-CIMMYT-CTRL-SUBHUMID,"Verhulst, N., Burgueño, J., Odjo, S., Rivers, A. (2020). Data for: Hermetic storage technologies reduce maize pest damage in smallholder farming systems in Mexico. Mendeley Data, V1.",https://doi.org/10.17632/fmtgzw5mmp.1,Mexico,"San Pedro Pochutla, Oaxaca",15.744,-96.466,183,Aw,"Beck et al. 2018 Köppen 1 km at site coords (~15.74N, 96.47W); CIMMYT label Tropical subhumid",as reported in CIMMYT Controlled Weight_Loss (%) column (dataset Legend),r1,direct from DataControlled sheet of original XLSX (hdl:11529/10548494 / DOI 10.17632/fmtgzw5mmp.1),39,2
115,10,"San Pedro Pochutla, OAX",San Pedro Pochutla ,Oaxaca,183,Tropical subhumid,2018,PBO,21.73870967741936,27.329166666666666,59.06155913978495,86.3739247311828,Hybrid,91,3,12.643333333333333,29.14333333333333,0.1,1.16,0.4666666666666666,3.2066666666666577,13.6,26.8,3.958416633346661,1.1995201919232308,0.3982238094674973,9.39424230307877,3,1,0,0,0,0,SRC-CIMMYT-CTRL-SUBHUMID,"Verhulst, N., Burgueño, J., Odjo, S., Rivers, A. (2020). Data for: Hermetic storage technologies reduce maize pest damage in smallholder farming systems in Mexico. Mendeley Data, V1.",https://doi.org/10.17632/fmtgzw5mmp.1,Mexico,"San Pedro Pochutla, Oaxaca",15.744,-96.466,183,Aw,"Beck et al. 2018 Köppen 1 km at site coords (~15.74N, 96.47W); CIMMYT label Tropical subhumid",as reported in CIMMYT Controlled Weight_Loss (%) column (dataset Legend),r2,direct from DataControlled sheet of original XLSX (hdl:11529/10548494 / DOI 10.17632/fmtgzw5mmp.1),39,2
116,10,"San Pedro Pochutla, OAX",San Pedro Pochutla ,Oaxaca,183,Tropical subhumid,2018,PBO,21.73870967741936,27.329166666666666,59.06155913978495,86.3739247311828,Hybrid,91,3,12.643333333333333,29.14333333333333,0.1,1.16,0.4666666666666666,3.2066666666666577,13.5,27.3,0.8796481407437027,4.958016793282687,0.7756550098058659,13.514594162335056,3,1,0,0,3,0,SRC-CIMMYT-CTRL-SUBHUMID,"Verhulst, N., Burgueño, J., Odjo, S., Rivers, A. (2020). Data for: Hermetic storage technologies reduce maize pest damage in smallholder farming systems in Mexico. Mendeley Data, V1.",https://doi.org/10.17632/fmtgzw5mmp.1,Mexico,"San Pedro Pochutla, Oaxaca",15.744,-96.466,183,Aw,"Beck et al. 2018 Köppen 1 km at site coords (~15.74N, 96.47W); CIMMYT label Tropical subhumid",as reported in CIMMYT Controlled Weight_Loss (%) column (dataset Legend),r3,direct from DataControlled sheet of original XLSX (hdl:11529/10548494 / DOI 10.17632/fmtgzw5mmp.1),39,2
117,10,"San Pedro Pochutla, OAX",San Pedro Pochutla ,Oaxaca,183,Tropical subhumid,2018,HBT,21.73870967741936,27.329166666666666,59.06155913978495,86.3739247311828,Hybrid,91,3,12.643333333333333,29.14333333333333,0.1,1.16,0.4666666666666666,3.2066666666666577,13.7,27.9,2.9564522572912506,1.518178186176588,0.3700661760842449,9.304834198961249,3,1,0,0,1,0,SRC-CIMMYT-CTRL-SUBHUMID,"Verhulst, N., Burgueño, J., Odjo, S., Rivers, A. (2020). Data for: Hermetic storage technologies reduce maize pest damage in smallholder farming systems in Mexico. Mendeley Data, V1.",https://doi.org/10.17632/fmtgzw5mmp.1,Mexico,"San Pedro Pochutla, Oaxaca",15.744,-96.466,183,Aw,"Beck et al. 2018 Köppen 1 km at site coords (~15.74N, 96.47W); CIMMYT label Tropical subhumid",as reported in CIMMYT Controlled Weight_Loss (%) column (dataset Legend),r1,direct from DataControlled sheet of original XLSX (hdl:11529/10548494 / DOI 10.17632/fmtgzw5mmp.1),40,2
118,10,"San Pedro Pochutla, OAX",San Pedro Pochutla ,Oaxaca,183,Tropical subhumid,2018,HBT,21.73870967741936,27.329166666666666,59.06155913978495,86.3739247311828,Hybrid,91,3,12.643333333333333,29.14333333333333,0.1,1.16,0.4666666666666666,3.2066666666666577,12.6,28,0.6397441023590564,3.958416633346661,0.6836371146796096,13.95441823270691,3,1,0,2,4,0,SRC-CIMMYT-CTRL-SUBHUMID,"Verhulst, N., Burgueño, J., Odjo, S., Rivers, A. (2020). Data for: Hermetic storage technologies reduce maize pest damage in smallholder farming systems in Mexico. Mendeley Data, V1.",https://doi.org/10.17632/fmtgzw5mmp.1,Mexico,"San Pedro Pochutla, Oaxaca",15.744,-96.466,183,Aw,"Beck et al. 2018 Köppen 1 km at site coords (~15.74N, 96.47W); CIMMYT label Tropical subhumid",as reported in CIMMYT Controlled Weight_Loss (%) column (dataset Legend),r2,direct from DataControlled sheet of original XLSX (hdl:11529/10548494 / DOI 10.17632/fmtgzw5mmp.1),40,2
119,10,"San Pedro Pochutla, OAX",San Pedro Pochutla ,Oaxaca,183,Tropical subhumid,2018,HBT,21.73870967741936,27.329166666666666,59.06155913978495,86.3739247311828,Hybrid,91,3,12.643333333333333,29.14333333333333,0.1,1.16,0.4666666666666666,3.2066666666666577,13.7,28,5.630990415335463,1.317891373801917,1.036158824785106,13.019169329073495,3,1,0,0,0,0,SRC-CIMMYT-CTRL-SUBHUMID,"Verhulst, N., Burgueño, J., Odjo, S., Rivers, A. (2020). Data for: Hermetic storage technologies reduce maize pest damage in smallholder farming systems in Mexico. Mendeley Data, V1.",https://doi.org/10.17632/fmtgzw5mmp.1,Mexico,"San Pedro Pochutla, Oaxaca",15.744,-96.466,183,Aw,"Beck et al. 2018 Köppen 1 km at site coords (~15.74N, 96.47W); CIMMYT label Tropical subhumid",as reported in CIMMYT Controlled Weight_Loss (%) column (dataset Legend),r3,direct from DataControlled sheet of original XLSX (hdl:11529/10548494 / DOI 10.17632/fmtgzw5mmp.1),40,2
120,10,"San Pedro Pochutla, OAX",San Pedro Pochutla ,Oaxaca,183,Tropical subhumid,2018,PP_SL,21.73870967741936,27.329166666666666,59.06155913978495,86.3739247311828,Hybrid,91,3,12.643333333333333,29.14333333333333,0.1,1.16,0.4666666666666666,3.2066666666666577,13,28.7,14.548361310951238,1.4788169464428458,1.293607586015094,20.343725019984007,3,1,0,36,15,0,SRC-CIMMYT-CTRL-SUBHUMID,"Verhulst, N., Burgueño, J., Odjo, S., Rivers, A. (2020). Data for: Hermetic storage technologies reduce maize pest damage in smallholder farming systems in Mexico. Mendeley Data, V1.",https://doi.org/10.17632/fmtgzw5mmp.1,Mexico,"San Pedro Pochutla, Oaxaca",15.744,-96.466,183,Aw,"Beck et al. 2018 Köppen 1 km at site coords (~15.74N, 96.47W); CIMMYT label Tropical subhumid",as reported in CIMMYT Controlled Weight_Loss (%) column (dataset Legend),r1,direct from DataControlled sheet of original XLSX (hdl:11529/10548494 / DOI 10.17632/fmtgzw5mmp.1),41,2
121,10,"San Pedro Pochutla, OAX",San Pedro Pochutla ,Oaxaca,183,Tropical subhumid,2018,PP_SL,21.73870967741936,27.329166666666666,59.06155913978495,86.3739247311828,Hybrid,91,3,12.643333333333333,29.14333333333333,0.1,1.16,0.4666666666666666,3.2066666666666577,13,29.4,28.993610223642168,4.752396166134186,3.0641288773573945,38.53833865814697,3,1,0,140,83,0,SRC-CIMMYT-CTRL-SUBHUMID,"Verhulst, N., Burgueño, J., Odjo, S., Rivers, A. (2020). Data for: Hermetic storage technologies reduce maize pest damage in smallholder farming systems in Mexico. Mendeley Data, V1.",https://doi.org/10.17632/fmtgzw5mmp.1,Mexico,"San Pedro Pochutla, Oaxaca",15.744,-96.466,183,Aw,"Beck et al. 2018 Köppen 1 km at site coords (~15.74N, 96.47W); CIMMYT label Tropical subhumid",as reported in CIMMYT Controlled Weight_Loss (%) column (dataset Legend),r2,direct from DataControlled sheet of original XLSX (hdl:11529/10548494 / DOI 10.17632/fmtgzw5mmp.1),41,2
122,10,"San Pedro Pochutla, OAX",San Pedro Pochutla ,Oaxaca,183,Tropical subhumid,2018,PP_SL,21.73870967741936,27.329166666666666,59.06155913978495,86.3739247311828,Hybrid,91,3,12.643333333333333,29.14333333333333,0.1,1.16,0.4666666666666666,3.2066666666666577,12.6,29.7,16.766467065868262,0.9580838323353292,2.668347562626086,21.437125748503004,3,1,0,66,19,0,SRC-CIMMYT-CTRL-SUBHUMID,"Verhulst, N., Burgueño, J., Odjo, S., Rivers, A. (2020). Data for: Hermetic storage technologies reduce maize pest damage in smallholder farming systems in Mexico. Mendeley Data, V1.",https://doi.org/10.17632/fmtgzw5mmp.1,Mexico,"San Pedro Pochutla, Oaxaca",15.744,-96.466,183,Aw,"Beck et al. 2018 Köppen 1 km at site coords (~15.74N, 96.47W); CIMMYT label Tropical subhumid",as reported in CIMMYT Controlled Weight_Loss (%) column (dataset Legend),r3,direct from DataControlled sheet of original XLSX (hdl:11529/10548494 / DOI 10.17632/fmtgzw5mmp.1),41,2
123,10,"San Pedro Pochutla, OAX",San Pedro Pochutla ,Oaxaca,183,Tropical subhumid,2018,HMS,21.73870967741936,27.329166666666666,59.06155913978495,86.3739247311828,Hybrid,91,3,12.643333333333333,29.14333333333333,0.1,1.16,0.4666666666666666,3.2066666666666577,12.5,29.1,10.37096130833666,7.69844435580375,2.57698817040153,26.200638213003582,3,1,0,1,3,0,SRC-CIMMYT-CTRL-SUBHUMID,"Verhulst, N., Burgueño, J., Odjo, S., Rivers, A. (2020). Data for: Hermetic storage technologies reduce maize pest damage in smallholder farming systems in Mexico. Mendeley Data, V1.",https://doi.org/10.17632/fmtgzw5mmp.1,Mexico,"San Pedro Pochutla, Oaxaca",15.744,-96.466,183,Aw,"Beck et al. 2018 Köppen 1 km at site coords (~15.74N, 96.47W); CIMMYT label Tropical subhumid",as reported in CIMMYT Controlled Weight_Loss (%) column (dataset Legend),r1,direct from DataControlled sheet of original XLSX (hdl:11529/10548494 / DOI 10.17632/fmtgzw5mmp.1),42,2
124,10,"San Pedro Pochutla, OAX",San Pedro Pochutla ,Oaxaca,183,Tropical subhumid,2018,HMS,21.73870967741936,27.329166666666666,59.06155913978495,86.3739247311828,Hybrid,91,3,12.643333333333333,29.14333333333333,0.1,1.16,0.4666666666666666,3.2066666666666577,13.3,28.9,3.56,1.7999999999999998,0.7228436344919588,11.237999999999994,3,1,0,2,0,0,SRC-CIMMYT-CTRL-SUBHUMID,"Verhulst, N., Burgueño, J., Odjo, S., Rivers, A. (2020). Data for: Hermetic storage technologies reduce maize pest damage in smallholder farming systems in Mexico. Mendeley Data, V1.",https://doi.org/10.17632/fmtgzw5mmp.1,Mexico,"San Pedro Pochutla, Oaxaca",15.744,-96.466,183,Aw,"Beck et al. 2018 Köppen 1 km at site coords (~15.74N, 96.47W); CIMMYT label Tropical subhumid",as reported in CIMMYT Controlled Weight_Loss (%) column (dataset Legend),r2,direct from DataControlled sheet of original XLSX (hdl:11529/10548494 / DOI 10.17632/fmtgzw5mmp.1),42,2
125,10,"San Pedro Pochutla, OAX",San Pedro Pochutla ,Oaxaca,183,Tropical subhumid,2018,HMS,21.73870967741936,27.329166666666666,59.06155913978495,86.3739247311828,Hybrid,91,3,12.643333333333333,29.14333333333333,0.1,1.16,0.4666666666666666,3.2066666666666577,13.2,29,1.6800000000000002,5.48,0.4174482960219364,15.315999999999994,3,1,0,8,3,0,SRC-CIMMYT-CTRL-SUBHUMID,"Verhulst, N., Burgueño, J., Odjo, S., Rivers, A. (2020). Data for: Hermetic storage technologies reduce maize pest damage in smallholder farming systems in Mexico. Mendeley Data, V1.",https://doi.org/10.17632/fmtgzw5mmp.1,Mexico,"San Pedro Pochutla, Oaxaca",15.744,-96.466,183,Aw,"Beck et al. 2018 Köppen 1 km at site coords (~15.74N, 96.47W); CIMMYT label Tropical subhumid",as reported in CIMMYT Controlled Weight_Loss (%) column (dataset Legend),r3,direct from DataControlled sheet of original XLSX (hdl:11529/10548494 / DOI 10.17632/fmtgzw5mmp.1),42,2
126,10,"San Pedro Pochutla, OAX",San Pedro Pochutla ,Oaxaca,183,Tropical subhumid,2018,PBO,21.551597542242707,27.00944700460829,61.50460829493088,87.33717357910906,Hybrid,180,6,12.643333333333333,29.14333333333333,0.1,1.16,0.4666666666666666,3.2066666666666577,9.43,25.2,1.48,8.44,0.2083512762202843,15.7,3,1,0,0,0,0,SRC-CIMMYT-CTRL-SUBHUMID,"Verhulst, N., Burgueño, J., Odjo, S., Rivers, A. (2020). Data for: Hermetic storage technologies reduce maize pest damage in smallholder farming systems in Mexico. Mendeley Data, V1.",https://doi.org/10.17632/fmtgzw5mmp.1,Mexico,"San Pedro Pochutla, Oaxaca",15.744,-96.466,183,Aw,"Beck et al. 2018 Köppen 1 km at site coords (~15.74N, 96.47W); CIMMYT label Tropical subhumid",as reported in CIMMYT Controlled Weight_Loss (%) column (dataset Legend),r1,direct from DataControlled sheet of original XLSX (hdl:11529/10548494 / DOI 10.17632/fmtgzw5mmp.1),43,2
127,10,"San Pedro Pochutla, OAX",San Pedro Pochutla ,Oaxaca,183,Tropical subhumid,2018,PBO,21.551597542242707,27.00944700460829,61.50460829493088,87.33717357910906,Hybrid,180,6,12.643333333333333,29.14333333333333,0.1,1.16,0.4666666666666666,3.2066666666666577,9.33,25,1.0,6.6000000000000005,0.2509568309176694,12.35999999999999,3,1,0,0,0,0,SRC-CIMMYT-CTRL-SUBHUMID,"Verhulst, N., Burgueño, J., Odjo, S., Rivers, A. (2020). Data for: Hermetic storage technologies reduce maize pest damage in smallholder farming systems in Mexico. Mendeley Data, V1.",https://doi.org/10.17632/fmtgzw5mmp.1,Mexico,"San Pedro Pochutla, Oaxaca",15.744,-96.466,183,Aw,"Beck et al. 2018 Köppen 1 km at site coords (~15.74N, 96.47W); CIMMYT label Tropical subhumid",as reported in CIMMYT Controlled Weight_Loss (%) column (dataset Legend),r2,direct from DataControlled sheet of original XLSX (hdl:11529/10548494 / DOI 10.17632/fmtgzw5mmp.1),43,2
128,10,"San Pedro Pochutla, OAX",San Pedro Pochutla ,Oaxaca,183,Tropical subhumid,2018,PBO,21.551597542242707,27.00944700460829,61.50460829493088,87.33717357910906,Hybrid,180,6,12.643333333333333,29.14333333333333,0.1,1.16,0.4666666666666666,3.2066666666666577,9.73,24.83,1.16,5.16,0.1820531061875413,10.759999999999996,3,1,0,0,1,0,SRC-CIMMYT-CTRL-SUBHUMID,"Verhulst, N., Burgueño, J., Odjo, S., Rivers, A. (2020). Data for: Hermetic storage technologies reduce maize pest damage in smallholder farming systems in Mexico. Mendeley Data, V1.",https://doi.org/10.17632/fmtgzw5mmp.1,Mexico,"San Pedro Pochutla, Oaxaca",15.744,-96.466,183,Aw,"Beck et al. 2018 Köppen 1 km at site coords (~15.74N, 96.47W); CIMMYT label Tropical subhumid",as reported in CIMMYT Controlled Weight_Loss (%) column (dataset Legend),r3,direct from DataControlled sheet of original XLSX (hdl:11529/10548494 / DOI 10.17632/fmtgzw5mmp.1),43,2
129,10,"San Pedro Pochutla, OAX",San Pedro Pochutla ,Oaxaca,183,Tropical subhumid,2018,HBT,21.551597542242707,27.00944700460829,61.50460829493088,87.33717357910906,Hybrid,180,6,12.643333333333333,29.14333333333333,0.1,1.16,0.4666666666666666,3.2066666666666577,10.6,24.23,6.76,2.2,3.398962104520735,11.960000000000012,3,1,0,2,0,0,SRC-CIMMYT-CTRL-SUBHUMID,"Verhulst, N., Burgueño, J., Odjo, S., Rivers, A. (2020). Data for: Hermetic storage technologies reduce maize pest damage in smallholder farming systems in Mexico. Mendeley Data, V1.",https://doi.org/10.17632/fmtgzw5mmp.1,Mexico,"San Pedro Pochutla, Oaxaca",15.744,-96.466,183,Aw,"Beck et al. 2018 Köppen 1 km at site coords (~15.74N, 96.47W); CIMMYT label Tropical subhumid",as reported in CIMMYT Controlled Weight_Loss (%) column (dataset Legend),r1,direct from DataControlled sheet of original XLSX (hdl:11529/10548494 / DOI 10.17632/fmtgzw5mmp.1),44,2
130,10,"San Pedro Pochutla, OAX",San Pedro Pochutla ,Oaxaca,183,Tropical subhumid,2018,HBT,21.551597542242707,27.00944700460829,61.50460829493088,87.33717357910906,Hybrid,180,6,12.643333333333333,29.14333333333333,0.1,1.16,0.4666666666666666,3.2066666666666577,8.8,24.97,5.795363709032774,2.957633892885692,0.8280491549804166,11.39088729016786,3,1,0,0,0,0,SRC-CIMMYT-CTRL-SUBHUMID,"Verhulst, N., Burgueño, J., Odjo, S., Rivers, A. (2020). Data for: Hermetic storage technologies reduce maize pest damage in smallholder farming systems in Mexico. Mendeley Data, V1.",https://doi.org/10.17632/fmtgzw5mmp.1,Mexico,"San Pedro Pochutla, Oaxaca",15.744,-96.466,183,Aw,"Beck et al. 2018 Köppen 1 km at site coords (~15.74N, 96.47W); CIMMYT label Tropical subhumid",as reported in CIMMYT Controlled Weight_Loss (%) column (dataset Legend),r2,direct from DataControlled sheet of original XLSX (hdl:11529/10548494 / DOI 10.17632/fmtgzw5mmp.1),44,2
131,10,"San Pedro Pochutla, OAX",San Pedro Pochutla ,Oaxaca,183,Tropical subhumid,2018,HBT,21.551597542242707,27.00944700460829,61.50460829493088,87.33717357910906,Hybrid,180,6,12.643333333333333,29.14333333333333,0.1,1.16,0.4666666666666666,3.2066666666666577,10.47,24.83,3.117505995203837,3.1574740207833734,0.5642572074720651,8.311350919264589,3,1,0,2,4,0,SRC-CIMMYT-CTRL-SUBHUMID,"Verhulst, N., Burgueño, J., Odjo, S., Rivers, A. (2020). Data for: Hermetic storage technologies reduce maize pest damage in smallholder farming systems in Mexico. Mendeley Data, V1.",https://doi.org/10.17632/fmtgzw5mmp.1,Mexico,"San Pedro Pochutla, Oaxaca",15.744,-96.466,183,Aw,"Beck et al. 2018 Köppen 1 km at site coords (~15.74N, 96.47W); CIMMYT label Tropical subhumid",as reported in CIMMYT Controlled Weight_Loss (%) column (dataset Legend),r3,direct from DataControlled sheet of original XLSX (hdl:11529/10548494 / DOI 10.17632/fmtgzw5mmp.1),44,2
132,10,"San Pedro Pochutla, OAX",San Pedro Pochutla ,Oaxaca,183,Tropical subhumid,2018,PP_SL,21.551597542242707,27.00944700460829,61.50460829493088,87.33717357910906,Hybrid,180,6,12.643333333333333,29.14333333333333,0.1,1.16,0.4666666666666666,3.2066666666666577,8.8,26.67,30.680000000000003,1.4,6.828088082133515,35.02,3,1,0,134,41,0,SRC-CIMMYT-CTRL-SUBHUMID,"Verhulst, N., Burgueño, J., Odjo, S., Rivers, A. (2020). Data for: Hermetic storage technologies reduce maize pest damage in smallholder farming systems in Mexico. Mendeley Data, V1.",https://doi.org/10.17632/fmtgzw5mmp.1,Mexico,"San Pedro Pochutla, Oaxaca",15.744,-96.466,183,Aw,"Beck et al. 2018 Köppen 1 km at site coords (~15.74N, 96.47W); CIMMYT label Tropical subhumid",as reported in CIMMYT Controlled Weight_Loss (%) column (dataset Legend),r1,direct from DataControlled sheet of original XLSX (hdl:11529/10548494 / DOI 10.17632/fmtgzw5mmp.1),45,2
133,10,"San Pedro Pochutla, OAX",San Pedro Pochutla ,Oaxaca,183,Tropical subhumid,2018,PP_SL,21.551597542242707,27.00944700460829,61.50460829493088,87.33717357910906,Hybrid,180,6,12.643333333333333,29.14333333333333,0.1,1.16,0.4666666666666666,3.2066666666666577,9.07,26.83,29.76,0.8,6.623334462982184,31.980000000000004,3,1,0,95,22,0,SRC-CIMMYT-CTRL-SUBHUMID,"Verhulst, N., Burgueño, J., Odjo, S., Rivers, A. (2020). Data for: Hermetic storage technologies reduce maize pest damage in smallholder farming systems in Mexico. Mendeley Data, V1.",https://doi.org/10.17632/fmtgzw5mmp.1,Mexico,"San Pedro Pochutla, Oaxaca",15.744,-96.466,183,Aw,"Beck et al. 2018 Köppen 1 km at site coords (~15.74N, 96.47W); CIMMYT label Tropical subhumid",as reported in CIMMYT Controlled Weight_Loss (%) column (dataset Legend),r2,direct from DataControlled sheet of original XLSX (hdl:11529/10548494 / DOI 10.17632/fmtgzw5mmp.1),45,2
134,10,"San Pedro Pochutla, OAX",San Pedro Pochutla ,Oaxaca,183,Tropical subhumid,2018,PP_SL,21.551597542242707,27.00944700460829,61.50460829493088,87.33717357910906,Hybrid,180,6,12.643333333333333,29.14333333333333,0.1,1.16,0.4666666666666666,3.2066666666666577,9.03,27.53,49.63999999999999,5.800000000000001,11.04779310290442,57.04,3,1,0,151,38,0,SRC-CIMMYT-CTRL-SUBHUMID,"Verhulst, N., Burgueño, J., Odjo, S., Rivers, A. (2020). Data for: Hermetic storage technologies reduce maize pest damage in smallholder farming systems in Mexico. Mendeley Data, V1.",https://doi.org/10.17632/fmtgzw5mmp.1,Mexico,"San Pedro Pochutla, Oaxaca",15.744,-96.466,183,Aw,"Beck et al. 2018 Köppen 1 km at site coords (~15.74N, 96.47W); CIMMYT label Tropical subhumid",as reported in CIMMYT Controlled Weight_Loss (%) column (dataset Legend),r3,direct from DataControlled sheet of original XLSX (hdl:11529/10548494 / DOI 10.17632/fmtgzw5mmp.1),45,2
135,10,"San Pedro Pochutla, OAX",San Pedro Pochutla ,Oaxaca,183,Tropical subhumid,2018,HMS,21.551597542242707,27.00944700460829,61.50460829493088,87.33717357910906,Hybrid,180,6,12.643333333333333,29.14333333333333,0.1,1.16,0.4666666666666666,3.2066666666666577,10.07,24.23,6.76,2.2,3.398962104520735,11.960000000000012,3,1,0,4,5,0,SRC-CIMMYT-CTRL-SUBHUMID,"Verhulst, N., Burgueño, J., Odjo, S., Rivers, A. (2020). Data for: Hermetic storage technologies reduce maize pest damage in smallholder farming systems in Mexico. Mendeley Data, V1.",https://doi.org/10.17632/fmtgzw5mmp.1,Mexico,"San Pedro Pochutla, Oaxaca",15.744,-96.466,183,Aw,"Beck et al. 2018 Köppen 1 km at site coords (~15.74N, 96.47W); CIMMYT label Tropical subhumid",as reported in CIMMYT Controlled Weight_Loss (%) column (dataset Legend),r1,direct from DataControlled sheet of original XLSX (hdl:11529/10548494 / DOI 10.17632/fmtgzw5mmp.1),46,2
136,10,"San Pedro Pochutla, OAX",San Pedro Pochutla ,Oaxaca,183,Tropical subhumid,2018,HMS,21.551597542242707,27.00944700460829,61.50460829493088,87.33717357910906,Hybrid,180,6,12.643333333333333,29.14333333333333,0.1,1.16,0.4666666666666666,3.2066666666666577,10.3,24.73,7.44,1.6,1.9604204122927429,10.037999999999991,3,1,0,1,2,0,SRC-CIMMYT-CTRL-SUBHUMID,"Verhulst, N., Burgueño, J., Odjo, S., Rivers, A. (2020). Data for: Hermetic storage technologies reduce maize pest damage in smallholder farming systems in Mexico. Mendeley Data, V1.",https://doi.org/10.17632/fmtgzw5mmp.1,Mexico,"San Pedro Pochutla, Oaxaca",15.744,-96.466,183,Aw,"Beck et al. 2018 Köppen 1 km at site coords (~15.74N, 96.47W); CIMMYT label Tropical subhumid",as reported in CIMMYT Controlled Weight_Loss (%) column (dataset Legend),r2,direct from DataControlled sheet of original XLSX (hdl:11529/10548494 / DOI 10.17632/fmtgzw5mmp.1),46,2
137,10,"San Pedro Pochutla, OAX",San Pedro Pochutla ,Oaxaca,183,Tropical subhumid,2018,HMS,21.551597542242707,27.00944700460829,61.50460829493088,87.33717357910906,Hybrid,180,6,12.643333333333333,29.14333333333333,0.1,1.16,0.4666666666666666,3.2066666666666577,10.17,24.93,7.8,2.96,0.4147212107866853,14.31999999999999,3,1,0,5,4,0,SRC-CIMMYT-CTRL-SUBHUMID,"Verhulst, N., Burgueño, J., Odjo, S., Rivers, A. (2020). Data for: Hermetic storage technologies reduce maize pest damage in smallholder farming systems in Mexico. Mendeley Data, V1.",https://doi.org/10.17632/fmtgzw5mmp.1,Mexico,"San Pedro Pochutla, Oaxaca",15.744,-96.466,183,Aw,"Beck et al. 2018 Köppen 1 km at site coords (~15.74N, 96.47W); CIMMYT label Tropical subhumid",as reported in CIMMYT Controlled Weight_Loss (%) column (dataset Legend),r3,direct from DataControlled sheet of original XLSX (hdl:11529/10548494 / DOI 10.17632/fmtgzw5mmp.1),46,2
138,12,"Peto, YUC",Peto,Yucatán,36,Tropical subhumid,2018,PP,21.72442396313364,33.86228878648233,44.51321044546852,98.10768049155146,Native,203,6,10.066666666666668,32.6,0.1729983217708063,1.4245817309823263,0.9977778929054262,13.508200570449814,13.5,29,65.8,10.2,12.784690607987264,78.0,1,0,0,261,21,0,SRC-CIMMYT-CTRL-SUBHUMID,"Verhulst, N., Burgueño, J., Odjo, S., Rivers, A. (2020). Data for: Hermetic storage technologies reduce maize pest damage in smallholder farming systems in Mexico. Mendeley Data, V1.",https://doi.org/10.17632/fmtgzw5mmp.1,Mexico,"Peto, Yucatán",20.125,-88.922,36,Aw,"Beck et al. 2018 Köppen 1 km at site coords (~20.13N, 88.92W); CIMMYT label Tropical subhumid",as reported in CIMMYT Controlled Weight_Loss (%) column (dataset Legend),r1,direct from DataControlled sheet of original XLSX (hdl:11529/10548494 / DOI 10.17632/fmtgzw5mmp.1),47,3
139,12,"Peto, YUC",Peto,Yucatán,36,Tropical subhumid,2018,PP,21.72442396313364,33.86228878648233,44.51321044546852,98.10768049155146,Native,203,6,10.066666666666668,32.6,0.1729983217708063,1.4245817309823263,0.9977778929054262,13.508200570449814,14.1,29.3,50.898203592814376,25.948103792415168,9.889328046147076,71.6566866267465,1,0,0,170,6,0,SRC-CIMMYT-CTRL-SUBHUMID,"Verhulst, N., Burgueño, J., Odjo, S., Rivers, A. (2020). Data for: Hermetic storage technologies reduce maize pest damage in smallholder farming systems in Mexico. Mendeley Data, V1.",https://doi.org/10.17632/fmtgzw5mmp.1,Mexico,"Peto, Yucatán",20.125,-88.922,36,Aw,"Beck et al. 2018 Köppen 1 km at site coords (~20.13N, 88.92W); CIMMYT label Tropical subhumid",as reported in CIMMYT Controlled Weight_Loss (%) column (dataset Legend),r2,direct from DataControlled sheet of original XLSX (hdl:11529/10548494 / DOI 10.17632/fmtgzw5mmp.1),47,3
140,12,"Peto, YUC",Peto,Yucatán,36,Tropical subhumid,2018,PP,21.72442396313364,33.86228878648233,44.51321044546852,98.10768049155146,Native,203,6,10.066666666666668,32.6,0.1729983217708063,1.4245817309823263,0.9977778929054262,13.508200570449814,12.9,29.4,59.8,2.2,11.618913348900278,67.4,1,0,0,186,11,0,SRC-CIMMYT-CTRL-SUBHUMID,"Verhulst, N., Burgueño, J., Odjo, S., Rivers, A. (2020). Data for: Hermetic storage technologies reduce maize pest damage in smallholder farming systems in Mexico. Mendeley Data, V1.",https://doi.org/10.17632/fmtgzw5mmp.1,Mexico,"Peto, Yucatán",20.125,-88.922,36,Aw,"Beck et al. 2018 Köppen 1 km at site coords (~20.13N, 88.92W); CIMMYT label Tropical subhumid",as reported in CIMMYT Controlled Weight_Loss (%) column (dataset Legend),r3,direct from DataControlled sheet of original XLSX (hdl:11529/10548494 / DOI 10.17632/fmtgzw5mmp.1),47,3
141,12,"Peto, YUC",Peto,Yucatán,36,Tropical subhumid,2018,HMS,21.72442396313364,33.86228878648233,44.51321044546852,98.10768049155146,Native,203,6,10.066666666666668,32.6,0.1729983217708063,1.4245817309823263,0.9977778929054262,13.508200570449814,9.6,26.5,2.0,0.8,0.4698846646732166,8.199999999999998,1,0,0,0,0,0,SRC-CIMMYT-CTRL-SUBHUMID,"Verhulst, N., Burgueño, J., Odjo, S., Rivers, A. (2020). Data for: Hermetic storage technologies reduce maize pest damage in smallholder farming systems in Mexico. Mendeley Data, V1.",https://doi.org/10.17632/fmtgzw5mmp.1,Mexico,"Peto, Yucatán",20.125,-88.922,36,Aw,"Beck et al. 2018 Köppen 1 km at site coords (~20.13N, 88.92W); CIMMYT label Tropical subhumid",as reported in CIMMYT Controlled Weight_Loss (%) column (dataset Legend),r1,direct from DataControlled sheet of original XLSX (hdl:11529/10548494 / DOI 10.17632/fmtgzw5mmp.1),48,3
142,12,"Peto, YUC",Peto,Yucatán,36,Tropical subhumid,2018,HMS,21.72442396313364,33.86228878648233,44.51321044546852,98.10768049155146,Native,203,6,10.066666666666668,32.6,0.1729983217708063,1.4245817309823263,0.9977778929054262,13.508200570449814,8.9,28.7,2.2,0.8,0.7941480530058582,5.799999999999997,1,0,0,0,0,0,SRC-CIMMYT-CTRL-SUBHUMID,"Verhulst, N., Burgueño, J., Odjo, S., Rivers, A. (2020). Data for: Hermetic storage technologies reduce maize pest damage in smallholder farming systems in Mexico. Mendeley Data, V1.",https://doi.org/10.17632/fmtgzw5mmp.1,Mexico,"Peto, Yucatán",20.125,-88.922,36,Aw,"Beck et al. 2018 Köppen 1 km at site coords (~20.13N, 88.92W); CIMMYT label Tropical subhumid",as reported in CIMMYT Controlled Weight_Loss (%) column (dataset Legend),r2,direct from DataControlled sheet of original XLSX (hdl:11529/10548494 / DOI 10.17632/fmtgzw5mmp.1),48,3
143,12,"Peto, YUC",Peto,Yucatán,36,Tropical subhumid,2018,HMS,21.72442396313364,33.86228878648233,44.51321044546852,98.10768049155146,Native,203,6,10.066666666666668,32.6,0.1729983217708063,1.4245817309823263,0.9977778929054262,13.508200570449814,8.8,29.1,2.2,1.0,0.1464476548584999,6.4,1,0,0,0,0,0,SRC-CIMMYT-CTRL-SUBHUMID,"Verhulst, N., Burgueño, J., Odjo, S., Rivers, A. (2020). Data for: Hermetic storage technologies reduce maize pest damage in smallholder farming systems in Mexico. Mendeley Data, V1.",https://doi.org/10.17632/fmtgzw5mmp.1,Mexico,"Peto, Yucatán",20.125,-88.922,36,Aw,"Beck et al. 2018 Köppen 1 km at site coords (~20.13N, 88.92W); CIMMYT label Tropical subhumid",as reported in CIMMYT Controlled Weight_Loss (%) column (dataset Legend),r3,direct from DataControlled sheet of original XLSX (hdl:11529/10548494 / DOI 10.17632/fmtgzw5mmp.1),48,3
144,12,"Peto, YUC",Peto,Yucatán,36,Tropical subhumid,2018,HBT,21.72442396313364,33.86228878648233,44.51321044546852,98.10768049155146,Native,203,6,10.066666666666668,32.6,0.1729983217708063,1.4245817309823263,0.9977778929054262,13.508200570449814,9.5,28.5,0.6,0.2,0.4638541067211716,2.0000000000000053,1,0,0,0,0,0,SRC-CIMMYT-CTRL-SUBHUMID,"Verhulst, N., Burgueño, J., Odjo, S., Rivers, A. (2020). Data for: Hermetic storage technologies reduce maize pest damage in smallholder farming systems in Mexico. Mendeley Data, V1.",https://doi.org/10.17632/fmtgzw5mmp.1,Mexico,"Peto, Yucatán",20.125,-88.922,36,Aw,"Beck et al. 2018 Köppen 1 km at site coords (~20.13N, 88.92W); CIMMYT label Tropical subhumid",as reported in CIMMYT Controlled Weight_Loss (%) column (dataset Legend),r1,direct from DataControlled sheet of original XLSX (hdl:11529/10548494 / DOI 10.17632/fmtgzw5mmp.1),49,3
145,12,"Peto, YUC",Peto,Yucatán,36,Tropical subhumid,2018,HBT,21.72442396313364,33.86228878648233,44.51321044546852,98.10768049155146,Native,203,6,10.066666666666668,32.6,0.1729983217708063,1.4245817309823263,0.9977778929054262,13.508200570449814,9.6,28.7,0.8,0.6,0.6184721422948956,1.8000000000000027,1,0,0,0,0,0,SRC-CIMMYT-CTRL-SUBHUMID,"Verhulst, N., Burgueño, J., Odjo, S., Rivers, A. (2020). Data for: Hermetic storage technologies reduce maize pest damage in smallholder farming systems in Mexico. Mendeley Data, V1.",https://doi.org/10.17632/fmtgzw5mmp.1,Mexico,"Peto, Yucatán",20.125,-88.922,36,Aw,"Beck et al. 2018 Köppen 1 km at site coords (~20.13N, 88.92W); CIMMYT label Tropical subhumid",as reported in CIMMYT Controlled Weight_Loss (%) column (dataset Legend),r2,direct from DataControlled sheet of original XLSX (hdl:11529/10548494 / DOI 10.17632/fmtgzw5mmp.1),49,3
146,12,"Peto, YUC",Peto,Yucatán,36,Tropical subhumid,2018,HBT,21.72442396313364,33.86228878648233,44.51321044546852,98.10768049155146,Native,203,6,10.066666666666668,32.6,0.1729983217708063,1.4245817309823263,0.9977778929054262,13.508200570449814,9.3,28.4,0.8,0.6,0.0286094128824099,2.9999999999999973,1,0,0,0,0,0,SRC-CIMMYT-CTRL-SUBHUMID,"Verhulst, N., Burgueño, J., Odjo, S., Rivers, A. (2020). Data for: Hermetic storage technologies reduce maize pest damage in smallholder farming systems in Mexico. Mendeley Data, V1.",https://doi.org/10.17632/fmtgzw5mmp.1,Mexico,"Peto, Yucatán",20.125,-88.922,36,Aw,"Beck et al. 2018 Köppen 1 km at site coords (~20.13N, 88.92W); CIMMYT label Tropical subhumid",as reported in CIMMYT Controlled Weight_Loss (%) column (dataset Legend),r3,direct from DataControlled sheet of original XLSX (hdl:11529/10548494 / DOI 10.17632/fmtgzw5mmp.1),49,3
147,12,"Peto, YUC",Peto,Yucatán,36,Tropical subhumid,2018,PP_ML,21.72442396313364,33.86228878648233,44.51321044546852,98.10768049155146,Native,203,6,10.066666666666668,32.6,0.1729983217708063,1.4245817309823263,0.9977778929054262,13.508200570449814,13.9,29.7,29.8,1.7999999999999998,6.499202551834131,34.0,1,0,0,232,42,0,SRC-CIMMYT-CTRL-SUBHUMID,"Verhulst, N., Burgueño, J., Odjo, S., Rivers, A. (2020). Data for: Hermetic storage technologies reduce maize pest damage in smallholder farming systems in Mexico. Mendeley Data, V1.",https://doi.org/10.17632/fmtgzw5mmp.1,Mexico,"Peto, Yucatán",20.125,-88.922,36,Aw,"Beck et al. 2018 Köppen 1 km at site coords (~20.13N, 88.92W); CIMMYT label Tropical subhumid",as reported in CIMMYT Controlled Weight_Loss (%) column (dataset Legend),r1,direct from DataControlled sheet of original XLSX (hdl:11529/10548494 / DOI 10.17632/fmtgzw5mmp.1),50,3
148,12,"Peto, YUC",Peto,Yucatán,36,Tropical subhumid,2018,PP_ML,21.72442396313364,33.86228878648233,44.51321044546852,98.10768049155146,Native,203,6,10.066666666666668,32.6,0.1729983217708063,1.4245817309823263,0.9977778929054262,13.508200570449814,12.1,29.4,12.2,0.8,2.823240589198036,15.200000000000005,1,0,0,102,16,0,SRC-CIMMYT-CTRL-SUBHUMID,"Verhulst, N., Burgueño, J., Odjo, S., Rivers, A. (2020). Data for: Hermetic storage technologies reduce maize pest damage in smallholder farming systems in Mexico. Mendeley Data, V1.",https://doi.org/10.17632/fmtgzw5mmp.1,Mexico,"Peto, Yucatán",20.125,-88.922,36,Aw,"Beck et al. 2018 Köppen 1 km at site coords (~20.13N, 88.92W); CIMMYT label Tropical subhumid",as reported in CIMMYT Controlled Weight_Loss (%) column (dataset Legend),r2,direct from DataControlled sheet of original XLSX (hdl:11529/10548494 / DOI 10.17632/fmtgzw5mmp.1),50,3
149,12,"Peto, YUC",Peto,Yucatán,36,Tropical subhumid,2018,PP_ML,21.72442396313364,33.86228878648233,44.51321044546852,98.10768049155146,Native,203,6,10.066666666666668,32.6,0.1729983217708063,1.4245817309823263,0.9977778929054262,13.508200570449814,10.7,29.6,39.4,0.6,11.29828298308959,42.8,1,0,0,252,55,0,SRC-CIMMYT-CTRL-SUBHUMID,"Verhulst, N., Burgueño, J., Odjo, S., Rivers, A. (2020). Data for: Hermetic storage technologies reduce maize pest damage in smallholder farming systems in Mexico. Mendeley Data, V1.",https://doi.org/10.17632/fmtgzw5mmp.1,Mexico,"Peto, Yucatán",20.125,-88.922,36,Aw,"Beck et al. 2018 Köppen 1 km at site coords (~20.13N, 88.92W); CIMMYT label Tropical subhumid",as reported in CIMMYT Controlled Weight_Loss (%) column (dataset Legend),r3,direct from DataControlled sheet of original XLSX (hdl:11529/10548494 / DOI 10.17632/fmtgzw5mmp.1),50,3
150,12,"Peto, YUC",Peto,Yucatán,36,Tropical subhumid,2018,PBO,21.72442396313364,33.86228878648233,44.51321044546852,98.10768049155146,Native,203,6,10.066666666666668,32.6,0.1729983217708063,1.4245817309823263,0.9977778929054262,13.508200570449814,9.3,29.5,0.6,0.0,0.0077641879116161,0.0,1,0,0,0,0,0,SRC-CIMMYT-CTRL-SUBHUMID,"Verhulst, N., Burgueño, J., Odjo, S., Rivers, A. (2020). Data for: Hermetic storage technologies reduce maize pest damage in smallholder farming systems in Mexico. Mendeley Data, V1.",https://doi.org/10.17632/fmtgzw5mmp.1,Mexico,"Peto, Yucatán",20.125,-88.922,36,Aw,"Beck et al. 2018 Köppen 1 km at site coords (~20.13N, 88.92W); CIMMYT label Tropical subhumid",as reported in CIMMYT Controlled Weight_Loss (%) column (dataset Legend),r1,direct from DataControlled sheet of original XLSX (hdl:11529/10548494 / DOI 10.17632/fmtgzw5mmp.1),51,3
151,12,"Peto, YUC",Peto,Yucatán,36,Tropical subhumid,2018,PBO,21.72442396313364,33.86228878648233,44.51321044546852,98.10768049155146,Native,203,6,10.066666666666668,32.6,0.1729983217708063,1.4245817309823263,0.9977778929054262,13.508200570449814,9.2,28.7,0.0,0.0,0.2026753141467369,2.6,1,0,0,0,0,0,SRC-CIMMYT-CTRL-SUBHUMID,"Verhulst, N., Burgueño, J., Odjo, S., Rivers, A. (2020). Data for: Hermetic storage technologies reduce maize pest damage in smallholder farming systems in Mexico. Mendeley Data, V1.",https://doi.org/10.17632/fmtgzw5mmp.1,Mexico,"Peto, Yucatán",20.125,-88.922,36,Aw,"Beck et al. 2018 Köppen 1 km at site coords (~20.13N, 88.92W); CIMMYT label Tropical subhumid",as reported in CIMMYT Controlled Weight_Loss (%) column (dataset Legend),r2,direct from DataControlled sheet of original XLSX (hdl:11529/10548494 / DOI 10.17632/fmtgzw5mmp.1),51,3
152,12,"Peto, YUC",Peto,Yucatán,36,Tropical subhumid,2018,PBO,21.72442396313364,33.86228878648233,44.51321044546852,98.10768049155146,Native,203,6,10.066666666666668,32.6,0.1729983217708063,1.4245817309823263,0.9977778929054262,13.508200570449814,9,29,0.6,0.0,0.0477668975400047,3.4000000000000083,1,0,0,1,0,0,SRC-CIMMYT-CTRL-SUBHUMID,"Verhulst, N., Burgueño, J., Odjo, S., Rivers, A. (2020). Data for: Hermetic storage technologies reduce maize pest damage in smallholder farming systems in Mexico. Mendeley Data, V1.",https://doi.org/10.17632/fmtgzw5mmp.1,Mexico,"Peto, Yucatán",20.125,-88.922,36,Aw,"Beck et al. 2018 Köppen 1 km at site coords (~20.13N, 88.92W); CIMMYT label Tropical subhumid",as reported in CIMMYT Controlled Weight_Loss (%) column (dataset Legend),r3,direct from DataControlled sheet of original XLSX (hdl:11529/10548494 / DOI 10.17632/fmtgzw5mmp.1),51,3